uid,kind,mobId,speciesId,locationId,subzoneId,spaceId,level,blender_x,blender_y,blender_z,runtime_x,runtime_z,actor_radius,runtime_enabled
wv3:L04:rb-001,major,RB-001,mini,L04,L04-C,surface,60,-561,-531,252,-561,531,2.05,false
wv3:L03:rb-002,major,RB-002,big,L03,L03-C,surface,50,-171,-426,122,-171,426,1.4,false
wv3:L09:rb-003,major,RB-003,rift_boss,L09,L09-C,surface,80,549,-492,216.004,549,492,1.65,false
wf:great_cave:cave_boss:000,major,RB-004,cave_boss,L07,L07-A,great_cave,40,20,-100,-1.498,20,100,1.65,false
wv3:L01:rb-101,mini,RB-101,v3_mini_01,L01,L01-B,surface,18,-573,315,35.332,-573,-315,1.1,false
wv3:L02:rb-102,mini,RB-102,v3_mini_02,L02,L02-B,surface,10,-210,174,59.56,-210,-174,1.1,false
wv3:L03:rb-103,mini,RB-103,v3_mini_03,L03,L03-B,surface,26,-621,-162,62.417,-621,162,1.1,false
wv3:L04:rb-104,mini,RB-104,v3_mini_04,L04,L04-C,surface,64,-573,-585,251.898,-573,585,1.1,false
wv3:L05:rb-105,mini,RB-105,v3_mini_05,L05,L05-B,mine,34,36,-261,-3.608,36,261,1.1,false
wv3:L06:rb-106,mini,RB-106,v3_mini_06,L06,L06-A,surface,28,51,-237,50.152,51,237,1.1,false
wv3:L07:rb-107,mini,RB-107,v3_mini_07,L07,L07-B,great_cave,38,39,-330,-4.68,39,330,1.1,false
wv3:L08:rb-108,mini,RB-108,v3_mini_08,L08,L08-B,surface,58,687,-117,98.82,687,117,1.1,false
wv3:L09:rb-109,mini,RB-109,v3_mini_09,L09,L09-C,surface,82,549,-609,277.901,549,609,1.1,false
wv3:L10:rb-110,mini,RB-110,v3_mini_10,L10,L10-C,surface,50,-39,585,22.223,-39,-585,1.1,false
wv3:L11:rb-111,mini,RB-111,v3_mini_11,L11,L11-B,surface,46,-549,561,13.989,-549,-561,1.1,false
wv3:L12:rb-112,mini,RB-112,v3_mini_12,L12,L12-C,surface,90,684,606,21.374,684,-606,1.1,false
wv3:L01-A:MOB-02:000,ordinary,MOB-02,wolf,L01,L01-A,surface,5,-516,396,33.989,-516,-396,1.615,false
wv3:L01-A:MOB-02:001,ordinary,MOB-02,wolf,L01,L01-A,surface,5,-513,393,34.33,-513,-393,1.615,false
wv3:L01-A:MOB-02:002,ordinary,MOB-02,wolf,L01,L01-A,surface,5,-519,393,33.064,-519,-393,1.615,false
wv3:L01-A:MOB-02:003,ordinary,MOB-02,wolf,L01,L01-A,surface,5,-513,399,33.495,-513,-399,1.615,false
wv3:L01-A:MOB-02:004,ordinary,MOB-02,wolf,L01,L01-A,surface,6,-519,399,33.014,-519,-399,1.615,false
wv3:L01-A:MOB-02:005,ordinary,MOB-02,wolf,L01,L01-A,surface,6,-504,396,34.513,-504,-396,1.615,false
wv3:L01-A:MOB-02:006,ordinary,MOB-02,wolf,L01,L01-A,surface,6,-507,399,33.644,-507,-399,1.615,false
wv3:L01-A:MOB-02:007,ordinary,MOB-02,wolf,L01,L01-A,surface,6,-501,399,33.73,-501,-399,1.615,false
wv3:L01-A:MOB-02:008,ordinary,MOB-02,wolf,L01,L01-A,surface,7,-510,396,34.459,-510,-396,1.615,false
wv3:L01-A:MOB-02:009,ordinary,MOB-02,wolf,L01,L01-A,surface,7,-498,396,34.537,-498,-396,1.615,false
wv3:L01-A:MOB-02:010,ordinary,MOB-02,wolf,L01,L01-A,surface,7,-528,396,31.424,-528,-396,1.615,false
wv3:L01-A:MOB-02:011,ordinary,MOB-02,wolf,L01,L01-A,surface,7,-525,393,31.777,-525,-393,1.615,false
wv3:L01-A:MOB-02:012,ordinary,MOB-02,wolf,L01,L01-A,surface,8,-525,399,32.014,-525,-399,1.615,false
wv3:L01-A:MOB-02:013,ordinary,MOB-02,wolf,L01,L01-A,surface,8,-531,399,30.999,-531,-399,1.615,false
wv3:L01-A:MOB-02:014,ordinary,MOB-02,wolf,L01,L01-A,surface,8,-522,396,32.725,-522,-396,1.615,false
wv3:L01-A:MOB-02:015,ordinary,MOB-02,wolf,L01,L01-A,surface,8,-531,408,27.688,-531,-408,1.615,false
wv3:L01-A:MOB-02:016,ordinary,MOB-02,wolf,L01,L01-A,surface,9,-528,405,29.678,-528,-405,1.615,false
wv3:L01-A:MOB-02:017,ordinary,MOB-02,wolf,L01,L01-A,surface,9,-534,405,29.664,-534,-405,1.615,false
wv3:L01-A:MOB-02:018,ordinary,MOB-02,wolf,L01,L01-A,surface,9,-537,408,28.448,-537,-408,1.615,false
wv3:L01-A:MOB-02:019,ordinary,MOB-02,wolf,L01,L01-A,surface,9,-492,396,34.549,-492,-396,1.615,false
wv3:L01-A:MOB-03:000,ordinary,MOB-03,v3_field_rat,L01,L01-A,surface,1,-441,384,35,-441,-384,0.46,false
wv3:L01-A:MOB-03:001,ordinary,MOB-03,v3_field_rat,L01,L01-A,surface,1,-435,381,35,-435,-381,0.46,false
wv3:L01-A:MOB-03:002,ordinary,MOB-03,v3_field_rat,L01,L01-A,surface,1,-474,393,34.927,-474,-393,0.46,false
wv3:L01-A:MOB-03:003,ordinary,MOB-03,v3_field_rat,L01,L01-A,surface,1,-477,393,34.925,-477,-393,0.46,false
wv3:L01-A:MOB-03:004,ordinary,MOB-03,v3_field_rat,L01,L01-A,surface,1,-480,393,34.921,-480,-393,0.46,false
wv3:L01-A:MOB-03:005,ordinary,MOB-03,v3_field_rat,L01,L01-A,surface,1,-429,381,35,-429,-381,0.46,false
wv3:L01-A:MOB-03:006,ordinary,MOB-03,v3_field_rat,L01,L01-A,surface,1,-432,381,35,-432,-381,0.46,false
wv3:L01-A:MOB-03:007,ordinary,MOB-03,v3_field_rat,L01,L01-A,surface,2,-429,378,35,-429,-378,0.46,false
wv3:L01-A:MOB-03:008,ordinary,MOB-03,v3_field_rat,L01,L01-A,surface,2,-426,378,35,-426,-378,0.46,false
wv3:L01-A:MOB-03:009,ordinary,MOB-03,v3_field_rat,L01,L01-A,surface,2,-423,378,34.979,-423,-378,0.46,false
wv3:L01-A:MOB-03:010,ordinary,MOB-03,v3_field_rat,L01,L01-A,surface,2,-417,378,34.577,-417,-378,0.46,false
wv3:L01-A:MOB-03:011,ordinary,MOB-03,v3_field_rat,L01,L01-A,surface,2,-420,378,34.846,-420,-378,0.46,false
wv3:L01-A:MOB-03:012,ordinary,MOB-03,v3_field_rat,L01,L01-A,surface,2,-417,375,34.586,-417,-375,0.46,false
wv3:L01-A:MOB-03:013,ordinary,MOB-03,v3_field_rat,L01,L01-A,surface,2,-420,375,34.851,-420,-375,0.46,false
wv3:L01-A:MOB-03:014,ordinary,MOB-03,v3_field_rat,L01,L01-A,surface,3,-414,375,34.252,-414,-375,0.46,false
wv3:L01-A:MOB-03:015,ordinary,MOB-03,v3_field_rat,L01,L01-A,surface,3,-408,369,33.447,-408,-369,0.46,false
wv3:L01-A:MOB-03:016,ordinary,MOB-03,v3_field_rat,L01,L01-A,surface,3,-408,372,33.452,-408,-372,0.46,false
wv3:L01-A:MOB-03:017,ordinary,MOB-03,v3_field_rat,L01,L01-A,surface,3,-411,372,33.874,-411,-372,0.46,false
wv3:L01-A:MOB-03:018,ordinary,MOB-03,v3_field_rat,L01,L01-A,surface,3,-408,375,33.465,-408,-375,0.46,false
wv3:L01-A:MOB-03:019,ordinary,MOB-03,v3_field_rat,L01,L01-A,surface,3,-414,372,34.266,-414,-372,0.46,false
wv3:L01-A:MOB-05:000,ordinary,MOB-05,v3_armored_beetle,L01,L01-A,surface,7,-549,396,31.031,-549,-396,0.46,false
wv3:L01-A:MOB-05:001,ordinary,MOB-05,v3_armored_beetle,L01,L01-A,surface,7,-552,396,31.683,-552,-396,0.46,false
wv3:L01-A:MOB-05:002,ordinary,MOB-05,v3_armored_beetle,L01,L01-A,surface,7,-549,393,32.368,-549,-393,0.46,false
wv3:L01-A:MOB-05:003,ordinary,MOB-05,v3_armored_beetle,L01,L01-A,surface,7,-549,399,30.168,-549,-399,0.46,false
wv3:L01-A:MOB-05:004,ordinary,MOB-05,v3_armored_beetle,L01,L01-A,surface,7,-546,396,30.568,-546,-396,0.46,false
wv3:L01-A:MOB-05:005,ordinary,MOB-05,v3_armored_beetle,L01,L01-A,surface,7,-561,396,33.629,-561,-396,0.46,false
wv3:L01-A:MOB-05:006,ordinary,MOB-05,v3_armored_beetle,L01,L01-A,surface,7,-558,396,33.297,-558,-396,0.46,false
wv3:L01-A:MOB-05:007,ordinary,MOB-05,v3_armored_beetle,L01,L01-A,surface,8,-561,393,33.948,-561,-393,0.46,false
wv3:L01-A:MOB-05:008,ordinary,MOB-05,v3_armored_beetle,L01,L01-A,surface,8,-561,399,31.942,-561,-399,0.46,false
wv3:L01-A:MOB-05:009,ordinary,MOB-05,v3_armored_beetle,L01,L01-A,surface,8,-564,396,32.536,-564,-396,0.46,false
wv3:L01-A:MOB-05:010,ordinary,MOB-05,v3_armored_beetle,L01,L01-A,surface,8,-552,384,35,-552,-384,0.46,false
wv3:L01-A:MOB-05:011,ordinary,MOB-05,v3_armored_beetle,L01,L01-A,surface,8,-552,387,34.931,-552,-387,0.46,false
wv3:L01-A:MOB-05:012,ordinary,MOB-05,v3_armored_beetle,L01,L01-A,surface,8,-555,384,35,-555,-384,0.46,false
wv3:L01-A:MOB-05:013,ordinary,MOB-05,v3_armored_beetle,L01,L01-A,surface,8,-552,381,35,-552,-381,0.46,false
wv3:L01-A:MOB-05:014,ordinary,MOB-05,v3_armored_beetle,L01,L01-A,surface,9,-549,387,34.483,-549,-387,0.46,false
wv3:L01-A:MOB-05:015,ordinary,MOB-05,v3_armored_beetle,L01,L01-A,surface,9,-543,408,29.099,-543,-408,0.46,false
wv3:L01-A:MOB-05:016,ordinary,MOB-05,v3_armored_beetle,L01,L01-A,surface,9,-540,408,28.838,-540,-408,0.46,false
wv3:L01-A:MOB-05:017,ordinary,MOB-05,v3_armored_beetle,L01,L01-A,surface,9,-543,411,27.663,-543,-411,0.46,false
wv3:L01-A:MOB-05:018,ordinary,MOB-05,v3_armored_beetle,L01,L01-A,surface,9,-540,405,29.696,-540,-405,0.46,false
wv3:L01-A:MOB-05:019,ordinary,MOB-05,v3_armored_beetle,L01,L01-A,surface,9,-546,411,28.358,-546,-411,0.46,false
wv3:L01-B:MOB-10:000,ordinary,MOB-10,v3_poacher,L01,L01-B,surface,16,-570,339,32.724,-570,-339,0.46,false
wv3:L01-B:MOB-10:001,ordinary,MOB-10,v3_poacher,L01,L01-B,surface,16,-570,342,32.303,-570,-342,0.46,false
wv3:L01-B:MOB-10:002,ordinary,MOB-10,v3_poacher,L01,L01-B,surface,16,-573,339,31.566,-573,-339,0.46,false
wv3:L01-B:MOB-10:003,ordinary,MOB-10,v3_poacher,L01,L01-B,surface,16,-567,339,33.651,-567,-339,0.46,false
wv3:L01-B:MOB-10:004,ordinary,MOB-10,v3_poacher,L01,L01-B,surface,16,-570,336,33.144,-570,-336,0.46,false
wv3:L01-B:MOB-10:005,ordinary,MOB-10,v3_poacher,L01,L01-B,surface,16,-570,351,31.094,-570,-351,0.46,false
wv3:L01-B:MOB-10:006,ordinary,MOB-10,v3_poacher,L01,L01-B,surface,16,-570,348,31.483,-570,-348,0.46,false
wv3:L01-B:MOB-10:007,ordinary,MOB-10,v3_poacher,L01,L01-B,surface,17,-573,351,29.348,-573,-351,0.46,false
wv3:L01-B:MOB-10:008,ordinary,MOB-10,v3_poacher,L01,L01-B,surface,17,-567,351,32.56,-567,-351,0.46,false
wv3:L01-B:MOB-10:009,ordinary,MOB-10,v3_poacher,L01,L01-B,surface,17,-570,354,30.719,-570,-354,0.46,false
wv3:L01-B:MOB-10:010,ordinary,MOB-10,v3_poacher,L01,L01-B,surface,17,-582,339,27.002,-582,-339,0.46,false
wv3:L01-B:MOB-10:011,ordinary,MOB-10,v3_poacher,L01,L01-B,surface,17,-579,339,28.662,-579,-339,0.46,false
wv3:L01-B:MOB-10:012,ordinary,MOB-10,v3_poacher,L01,L01-B,surface,17,-582,342,25.987,-582,-342,0.46,false
wv3:L01-B:MOB-10:013,ordinary,MOB-10,v3_poacher,L01,L01-B,surface,17,-582,336,28.018,-582,-336,0.46,false
wv3:L01-B:MOB-10:014,ordinary,MOB-10,v3_poacher,L01,L01-B,surface,18,-585,339,25.317,-585,-339,0.46,false
wv3:L01-B:MOB-10:015,ordinary,MOB-10,v3_poacher,L01,L01-B,surface,18,-558,339,34.964,-558,-339,0.46,false
wv3:L01-B:MOB-10:016,ordinary,MOB-10,v3_poacher,L01,L01-B,surface,18,-561,339,34.752,-561,-339,0.46,false
wv3:L01-B:MOB-10:017,ordinary,MOB-10,v3_poacher,L01,L01-B,surface,18,-558,342,34.954,-558,-342,0.46,false
wv3:L01-B:MOB-10:018,ordinary,MOB-10,v3_poacher,L01,L01-B,surface,18,-558,336,34.975,-558,-336,0.46,false
wv3:L01-B:MOB-10:019,ordinary,MOB-10,v3_poacher,L01,L01-B,surface,18,-555,339,35,-555,-339,0.46,false
wv3:L01-B:MOB-10:020,ordinary,MOB-10,v3_poacher,L01,L01-B,surface,19,-561,327,34.99,-561,-327,0.46,false
wv3:L01-B:MOB-10:021,ordinary,MOB-10,v3_poacher,L01,L01-B,surface,19,-561,330,34.931,-561,-330,0.46,false
wv3:L01-B:MOB-10:022,ordinary,MOB-10,v3_poacher,L01,L01-B,surface,19,-564,327,34.905,-564,-327,0.46,false
wv3:L01-B:MOB-10:023,ordinary,MOB-10,v3_poacher,L01,L01-B,surface,19,-558,327,35.001,-558,-327,0.46,false
wv3:L01-B:MOB-10:024,ordinary,MOB-10,v3_poacher,L01,L01-B,surface,19,-561,324,35.029,-561,-324,0.46,false
wv3:L01-B:MOB-10:025,ordinary,MOB-10,v3_poacher,L01,L01-B,surface,19,-582,351,23.078,-582,-351,0.46,false
wv3:L01-B:MOB-10:026,ordinary,MOB-10,v3_poacher,L01,L01-B,surface,19,-579,351,25.27,-579,-351,0.46,false
wv3:L01-B:MOB-10:027,ordinary,MOB-10,v3_poacher,L01,L01-B,surface,20,-582,348,24.012,-582,-348,0.46,false
wv3:L01-B:MOB-10:028,ordinary,MOB-10,v3_poacher,L01,L01-B,surface,20,-582,354,22.187,-582,-354,0.46,false
wv3:L01-B:MOB-10:029,ordinary,MOB-10,v3_poacher,L01,L01-B,surface,20,-585,351,20.949,-585,-351,0.46,false
wv3:L01-B:MOB-10:030,ordinary,MOB-10,v3_poacher,L01,L01-B,surface,20,-558,351,34.922,-558,-351,0.46,false
wv3:L01-B:MOB-10:031,ordinary,MOB-10,v3_poacher,L01,L01-B,surface,20,-561,351,34.489,-561,-351,0.46,false
wv3:L01-B:MOB-10:032,ordinary,MOB-10,v3_poacher,L01,L01-B,surface,20,-558,348,34.932,-558,-348,0.46,false
wv3:L01-B:MOB-10:033,ordinary,MOB-10,v3_poacher,L01,L01-B,surface,20,-558,354,34.912,-558,-354,0.46,false
wv3:L01-B:MOB-10:034,ordinary,MOB-10,v3_poacher,L01,L01-B,surface,21,-555,351,35,-555,-351,0.46,false
wv3:L01-B:MOB-10:035,ordinary,MOB-10,v3_poacher,L01,L01-B,surface,21,-570,363,29.727,-570,-363,0.46,false
wv3:L01-B:MOB-10:036,ordinary,MOB-10,v3_poacher,L01,L01-B,surface,21,-570,360,30.034,-570,-360,0.46,false
wv3:L01-B:MOB-10:037,ordinary,MOB-10,v3_poacher,L01,L01-B,surface,21,-573,363,27.491,-573,-363,0.46,false
wv3:L01-B:MOB-10:038,ordinary,MOB-10,v3_poacher,L01,L01-B,surface,21,-567,363,31.64,-567,-363,0.46,false
wv3:L01-B:MOB-10:039,ordinary,MOB-10,v3_poacher,L01,L01-B,surface,21,-573,360,27.894,-573,-360,0.46,false
wv3:L02-A:MOB-01:000,ordinary,MOB-01,spider,L02,L02-A,surface,1,-225,207,56.68,-225,-207,0.46,false
wv3:L02-A:MOB-01:001,ordinary,MOB-01,spider,L02,L02-A,surface,1,-228,207,54.694,-228,-207,0.46,false
wv3:L02-A:MOB-01:002,ordinary,MOB-01,spider,L02,L02-A,surface,1,-225,210,56.461,-225,-210,0.46,false
wv3:L02-A:MOB-01:003,ordinary,MOB-01,spider,L02,L02-A,surface,1,-225,204,56.87,-225,-204,0.46,false
wv3:L02-A:MOB-01:004,ordinary,MOB-01,spider,L02,L02-A,surface,1,-222,207,57.825,-222,-207,0.46,false
wv3:L02-A:MOB-01:005,ordinary,MOB-01,spider,L02,L02-A,surface,1,-237,207,50.992,-237,-207,0.46,false
wv3:L02-A:MOB-01:006,ordinary,MOB-01,spider,L02,L02-A,surface,1,-234,207,51.04,-234,-207,0.46,false
wv3:L02-A:MOB-01:007,ordinary,MOB-01,spider,L02,L02-A,surface,1,-237,210,50.33,-237,-210,0.46,false
wv3:L02-A:MOB-01:008,ordinary,MOB-01,spider,L02,L02-A,surface,1,-237,204,51.646,-237,-204,0.46,false
wv3:L02-A:MOB-01:009,ordinary,MOB-01,spider,L02,L02-A,surface,2,-240,207,51.074,-240,-207,0.46,false
wv3:L02-A:MOB-01:010,ordinary,MOB-01,spider,L02,L02-A,surface,2,-225,219,55.878,-225,-219,0.46,false
wv3:L02-A:MOB-01:011,ordinary,MOB-01,spider,L02,L02-A,surface,2,-225,216,56.055,-225,-216,0.46,false
wv3:L02-A:MOB-01:012,ordinary,MOB-01,spider,L02,L02-A,surface,2,-228,219,53.332,-228,-219,0.46,false
wv3:L02-A:MOB-01:013,ordinary,MOB-01,spider,L02,L02-A,surface,2,-222,219,57.346,-222,-219,0.46,false
wv3:L02-A:MOB-01:014,ordinary,MOB-01,spider,L02,L02-A,surface,2,-225,222,55.724,-225,-222,0.46,false
wv3:L02-A:MOB-01:015,ordinary,MOB-01,spider,L02,L02-A,surface,2,-225,195,57.454,-225,-195,0.46,false
wv3:L02-A:MOB-01:016,ordinary,MOB-01,spider,L02,L02-A,surface,2,-225,198,57.263,-225,-198,0.46,false
wv3:L02-A:MOB-01:017,ordinary,MOB-01,spider,L02,L02-A,surface,2,-228,195,56.014,-228,-195,0.46,false
wv3:L02-A:MOB-01:018,ordinary,MOB-01,spider,L02,L02-A,surface,3,-222,195,58.307,-222,-195,0.46,false
wv3:L02-A:MOB-01:019,ordinary,MOB-01,spider,L02,L02-A,surface,3,-225,192,57.616,-225,-192,0.46,false
wv3:L02-A:MOB-01:020,ordinary,MOB-01,spider,L02,L02-A,surface,3,-213,207,58.159,-213,-207,0.46,false
wv3:L02-A:MOB-01:021,ordinary,MOB-01,spider,L02,L02-A,surface,3,-213,210,58.047,-213,-210,0.46,false
wv3:L02-A:MOB-01:022,ordinary,MOB-01,spider,L02,L02-A,surface,3,-213,204,58.273,-213,-204,0.46,false
wv3:L02-A:MOB-01:023,ordinary,MOB-01,spider,L02,L02-A,surface,3,-210,207,58.352,-210,-207,0.46,false
wv3:L02-A:MOB-01:024,ordinary,MOB-01,spider,L02,L02-A,surface,3,-210,210,58.226,-210,-210,0.46,false
wv3:L02-A:MOB-01:025,ordinary,MOB-01,spider,L02,L02-A,surface,3,-237,219,48.546,-237,-219,0.46,false
wv3:L02-A:MOB-01:026,ordinary,MOB-01,spider,L02,L02-A,surface,3,-237,216,48.98,-237,-216,0.46,false
wv3:L02-A:MOB-01:027,ordinary,MOB-01,spider,L02,L02-A,surface,4,-234,219,48.476,-234,-219,0.46,false
wv3:L02-A:MOB-01:028,ordinary,MOB-01,spider,L02,L02-A,surface,4,-240,219,48.869,-240,-219,0.46,false
wv3:L02-A:MOB-01:029,ordinary,MOB-01,spider,L02,L02-A,surface,4,-234,216,49.007,-234,-216,0.46,false
wv3:L02-A:MOB-01:030,ordinary,MOB-01,spider,L02,L02-A,surface,4,-237,195,53.387,-237,-195,0.46,false
wv3:L02-A:MOB-01:031,ordinary,MOB-01,spider,L02,L02-A,surface,4,-237,198,52.851,-237,-198,0.46,false
wv3:L02-A:MOB-01:032,ordinary,MOB-01,spider,L02,L02-A,surface,4,-234,195,53.462,-234,-195,0.46,false
wv3:L02-A:MOB-01:033,ordinary,MOB-01,spider,L02,L02-A,surface,4,-240,195,53.335,-240,-195,0.46,false
wv3:L02-A:MOB-01:034,ordinary,MOB-01,spider,L02,L02-A,surface,4,-237,192,53.881,-237,-192,0.46,false
wv3:L02-A:MOB-03:000,ordinary,MOB-03,v3_field_rat,L02,L02-A,surface,1,-249,216,50.076,-249,-216,0.46,false
wv3:L02-A:MOB-03:001,ordinary,MOB-03,v3_field_rat,L02,L02-A,surface,1,-246,216,49.724,-246,-216,0.46,false
wv3:L02-A:MOB-03:002,ordinary,MOB-03,v3_field_rat,L02,L02-A,surface,1,-249,213,50.598,-249,-213,0.46,false
wv3:L02-A:MOB-03:003,ordinary,MOB-03,v3_field_rat,L02,L02-A,surface,1,-252,216,50.458,-252,-216,0.46,false
wv3:L02-A:MOB-03:004,ordinary,MOB-03,v3_field_rat,L02,L02-A,surface,1,-246,213,50.287,-246,-213,0.46,false
wv3:L02-A:MOB-03:005,ordinary,MOB-03,v3_field_rat,L02,L02-A,surface,1,-249,204,52.056,-249,-204,0.46,false
wv3:L02-A:MOB-03:006,ordinary,MOB-03,v3_field_rat,L02,L02-A,surface,1,-249,207,51.591,-249,-207,0.46,false
wv3:L02-A:MOB-03:007,ordinary,MOB-03,v3_field_rat,L02,L02-A,surface,1,-246,204,51.883,-246,-204,0.46,false
wv3:L02-A:MOB-03:008,ordinary,MOB-03,v3_field_rat,L02,L02-A,surface,1,-252,204,52.27,-252,-204,0.46,false
wv3:L02-A:MOB-03:009,ordinary,MOB-03,v3_field_rat,L02,L02-A,surface,2,-249,201,52.478,-249,-201,0.46,false
wv3:L02-A:MOB-03:010,ordinary,MOB-03,v3_field_rat,L02,L02-A,surface,2,-213,219,57.703,-213,-219,0.46,false
wv3:L02-A:MOB-03:011,ordinary,MOB-03,v3_field_rat,L02,L02-A,surface,2,-213,216,57.819,-213,-216,0.46,false
wv3:L02-A:MOB-03:012,ordinary,MOB-03,v3_field_rat,L02,L02-A,surface,2,-213,222,57.589,-213,-222,0.46,false
wv3:L02-A:MOB-03:013,ordinary,MOB-03,v3_field_rat,L02,L02-A,surface,2,-210,219,57.841,-210,-219,0.46,false
wv3:L02-A:MOB-03:014,ordinary,MOB-03,v3_field_rat,L02,L02-A,surface,2,-210,216,57.97,-210,-216,0.46,false
wv3:L02-A:MOB-03:015,ordinary,MOB-03,v3_field_rat,L02,L02-A,surface,2,-213,195,58.602,-213,-195,0.46,false
wv3:L02-A:MOB-03:016,ordinary,MOB-03,v3_field_rat,L02,L02-A,surface,2,-213,198,58.494,-213,-198,0.46,false
wv3:L02-A:MOB-03:017,ordinary,MOB-03,v3_field_rat,L02,L02-A,surface,3,-213,192,58.71,-213,-192,0.46,false
wv3:L02-A:MOB-03:018,ordinary,MOB-03,v3_field_rat,L02,L02-A,surface,3,-210,195,58.835,-210,-195,0.46,false
wv3:L02-A:MOB-03:019,ordinary,MOB-03,v3_field_rat,L02,L02-A,surface,3,-210,198,58.719,-210,-198,0.46,false
wv3:L02-A:MOB-03:020,ordinary,MOB-03,v3_field_rat,L02,L02-A,surface,3,-201,216,63.074,-201,-216,0.46,false
wv3:L02-A:MOB-03:021,ordinary,MOB-03,v3_field_rat,L02,L02-A,surface,3,-204,216,60.736,-204,-216,0.46,false
wv3:L02-A:MOB-03:022,ordinary,MOB-03,v3_field_rat,L02,L02-A,surface,3,-201,219,63.019,-201,-219,0.46,false
wv3:L02-A:MOB-03:023,ordinary,MOB-03,v3_field_rat,L02,L02-A,surface,3,-201,213,63.14,-201,-213,0.46,false
wv3:L02-A:MOB-03:024,ordinary,MOB-03,v3_field_rat,L02,L02-A,surface,3,-198,216,64.934,-198,-216,0.46,false
wv3:L02-B:MOB-04:000,ordinary,MOB-04,v3_forest_boar,L02,L02-B,surface,3,-249,165,55.346,-249,-165,0.46,false
wv3:L02-B:MOB-04:001,ordinary,MOB-04,v3_forest_boar,L02,L02-B,surface,3,-252,165,55.166,-252,-165,0.46,false
wv3:L02-B:MOB-04:002,ordinary,MOB-04,v3_forest_boar,L02,L02-B,surface,3,-249,168,55.236,-249,-168,0.46,false
wv3:L02-B:MOB-04:003,ordinary,MOB-04,v3_forest_boar,L02,L02-B,surface,3,-249,162,55.437,-249,-162,0.46,false
wv3:L02-B:MOB-04:004,ordinary,MOB-04,v3_forest_boar,L02,L02-B,surface,3,-246,165,55.491,-246,-165,0.46,false
wv3:L02-B:MOB-04:005,ordinary,MOB-04,v3_forest_boar,L02,L02-B,surface,3,-261,165,54.698,-261,-165,0.46,false
wv3:L02-B:MOB-04:006,ordinary,MOB-04,v3_forest_boar,L02,L02-B,surface,3,-258,165,54.816,-258,-165,0.46,false
wv3:L02-B:MOB-04:007,ordinary,MOB-04,v3_forest_boar,L02,L02-B,surface,3,-261,168,54.564,-261,-168,0.46,false
wv3:L02-B:MOB-04:008,ordinary,MOB-04,v3_forest_boar,L02,L02-B,surface,3,-261,162,54.855,-261,-162,0.46,false
wv3:L02-B:MOB-04:009,ordinary,MOB-04,v3_forest_boar,L02,L02-B,surface,3,-264,165,54.638,-264,-165,0.46,false
wv3:L02-B:MOB-04:010,ordinary,MOB-04,v3_forest_boar,L02,L02-B,surface,3,-249,177,54.805,-249,-177,0.46,false
wv3:L02-B:MOB-04:011,ordinary,MOB-04,v3_forest_boar,L02,L02-B,surface,3,-249,174,54.972,-249,-174,0.46,false
wv3:L02-B:MOB-04:012,ordinary,MOB-04,v3_forest_boar,L02,L02-B,surface,4,-252,177,54.608,-252,-177,0.46,false
wv3:L02-B:MOB-04:013,ordinary,MOB-04,v3_forest_boar,L02,L02-B,surface,4,-246,177,55.012,-246,-177,0.46,false
wv3:L02-B:MOB-04:014,ordinary,MOB-04,v3_forest_boar,L02,L02-B,surface,4,-249,180,54.62,-249,-180,0.46,false
wv3:L02-B:MOB-04:015,ordinary,MOB-04,v3_forest_boar,L02,L02-B,surface,4,-249,153,55.684,-249,-153,0.46,false
wv3:L02-B:MOB-04:016,ordinary,MOB-04,v3_forest_boar,L02,L02-B,surface,4,-249,156,55.6,-249,-156,0.46,false
wv3:L02-B:MOB-04:017,ordinary,MOB-04,v3_forest_boar,L02,L02-B,surface,4,-252,153,55.68,-252,-153,0.46,false
wv3:L02-B:MOB-04:018,ordinary,MOB-04,v3_forest_boar,L02,L02-B,surface,4,-246,153,55.618,-246,-153,0.46,false
wv3:L02-B:MOB-04:019,ordinary,MOB-04,v3_forest_boar,L02,L02-B,surface,4,-249,150,55.754,-249,-150,0.46,false
wv3:L02-B:MOB-04:020,ordinary,MOB-04,v3_forest_boar,L02,L02-B,surface,4,-237,165,55.535,-237,-165,0.46,false
wv3:L02-B:MOB-04:021,ordinary,MOB-04,v3_forest_boar,L02,L02-B,surface,4,-240,165,55.6,-240,-165,0.46,false
wv3:L02-B:MOB-04:022,ordinary,MOB-04,v3_forest_boar,L02,L02-B,surface,4,-237,168,55.582,-237,-168,0.46,false
wv3:L02-B:MOB-04:023,ordinary,MOB-04,v3_forest_boar,L02,L02-B,surface,5,-237,162,55.442,-237,-162,0.46,false
wv3:L02-B:MOB-04:024,ordinary,MOB-04,v3_forest_boar,L02,L02-B,surface,5,-234,165,55.386,-234,-165,0.46,false
wv3:L02-B:MOB-04:025,ordinary,MOB-04,v3_forest_boar,L02,L02-B,surface,5,-261,177,54.277,-261,-177,0.46,false
wv3:L02-B:MOB-04:026,ordinary,MOB-04,v3_forest_boar,L02,L02-B,surface,5,-261,174,54.36,-261,-174,0.46,false
wv3:L02-B:MOB-04:027,ordinary,MOB-04,v3_forest_boar,L02,L02-B,surface,5,-258,177,54.326,-258,-177,0.46,false
wv3:L02-B:MOB-04:028,ordinary,MOB-04,v3_forest_boar,L02,L02-B,surface,5,-261,180,54.208,-261,-180,0.46,false
wv3:L02-B:MOB-04:029,ordinary,MOB-04,v3_forest_boar,L02,L02-B,surface,5,-258,174,54.433,-258,-174,0.46,false
wv3:L02-B:MOB-04:030,ordinary,MOB-04,v3_forest_boar,L02,L02-B,surface,5,-261,153,55.49,-261,-153,0.46,false
wv3:L02-B:MOB-04:031,ordinary,MOB-04,v3_forest_boar,L02,L02-B,surface,5,-261,156,55.249,-261,-156,0.46,false
wv3:L02-B:MOB-04:032,ordinary,MOB-04,v3_forest_boar,L02,L02-B,surface,5,-258,153,55.561,-258,-153,0.46,false
wv3:L02-B:MOB-04:033,ordinary,MOB-04,v3_forest_boar,L02,L02-B,surface,5,-261,150,55.75,-261,-150,0.46,false
wv3:L02-B:MOB-04:034,ordinary,MOB-04,v3_forest_boar,L02,L02-B,surface,6,-258,156,55.344,-258,-156,0.46,false
wv3:L02-B:MOB-04:035,ordinary,MOB-04,v3_forest_boar,L02,L02-B,surface,6,-237,177,55.413,-237,-177,0.46,false
wv3:L02-B:MOB-04:036,ordinary,MOB-04,v3_forest_boar,L02,L02-B,surface,6,-240,177,55.341,-240,-177,0.46,false
wv3:L02-B:MOB-04:037,ordinary,MOB-04,v3_forest_boar,L02,L02-B,surface,6,-237,174,55.528,-237,-174,0.46,false
wv3:L02-B:MOB-04:038,ordinary,MOB-04,v3_forest_boar,L02,L02-B,surface,6,-237,180,55.236,-237,-180,0.46,false
wv3:L02-B:MOB-04:039,ordinary,MOB-04,v3_forest_boar,L02,L02-B,surface,6,-234,177,55.412,-234,-177,0.46,false
wv3:L02-B:MOB-04:040,ordinary,MOB-04,v3_forest_boar,L02,L02-B,surface,6,-237,153,55.018,-237,-153,0.46,false
wv3:L02-B:MOB-04:041,ordinary,MOB-04,v3_forest_boar,L02,L02-B,surface,6,-240,153,55.284,-240,-153,0.46,false
wv3:L02-B:MOB-04:042,ordinary,MOB-04,v3_forest_boar,L02,L02-B,surface,6,-237,156,55.172,-237,-156,0.46,false
wv3:L02-B:MOB-04:043,ordinary,MOB-04,v3_forest_boar,L02,L02-B,surface,6,-237,150,54.852,-237,-150,0.46,false
wv3:L02-B:MOB-04:044,ordinary,MOB-04,v3_forest_boar,L02,L02-B,surface,6,-234,153,54.697,-234,-153,0.46,false
wv3:L02-C:MOB-02:000,ordinary,MOB-02,wolf,L02,L02-C,surface,5,-240,108,56.548,-240,-108,1.615,false
wv3:L02-C:MOB-02:001,ordinary,MOB-02,wolf,L02,L02-C,surface,5,-237,111,55.805,-237,-111,1.615,false
wv3:L02-C:MOB-02:002,ordinary,MOB-02,wolf,L02,L02-C,surface,5,-237,105,56.647,-237,-105,1.615,false
wv3:L02-C:MOB-02:003,ordinary,MOB-02,wolf,L02,L02-C,surface,5,-243,111,56.617,-243,-111,1.615,false
wv3:L02-C:MOB-02:004,ordinary,MOB-02,wolf,L02,L02-C,surface,5,-243,105,57.273,-243,-105,1.615,false
wv3:L02-C:MOB-02:005,ordinary,MOB-02,wolf,L02,L02-C,surface,6,-228,108,55.974,-228,-108,1.615,false
wv3:L02-C:MOB-02:006,ordinary,MOB-02,wolf,L02,L02-C,surface,6,-231,111,55.284,-231,-111,1.615,false
wv3:L02-C:MOB-02:007,ordinary,MOB-02,wolf,L02,L02-C,surface,6,-231,105,56.222,-231,-105,1.615,false
wv3:L02-C:MOB-02:008,ordinary,MOB-02,wolf,L02,L02-C,surface,6,-225,111,57.289,-225,-111,1.615,false
wv3:L02-C:MOB-02:009,ordinary,MOB-02,wolf,L02,L02-C,surface,6,-225,105,57.336,-225,-105,1.615,false
wv3:L02-C:MOB-02:010,ordinary,MOB-02,wolf,L02,L02-C,surface,7,-240,120,55.339,-240,-120,1.615,false
wv3:L02-C:MOB-02:011,ordinary,MOB-02,wolf,L02,L02-C,surface,7,-237,117,55.126,-237,-117,1.615,false
wv3:L02-C:MOB-02:012,ordinary,MOB-02,wolf,L02,L02-C,surface,7,-243,117,56.083,-243,-117,1.615,false
wv3:L02-C:MOB-02:013,ordinary,MOB-02,wolf,L02,L02-C,surface,7,-237,123,54.647,-237,-123,1.615,false
wv3:L02-C:MOB-02:014,ordinary,MOB-02,wolf,L02,L02-C,surface,7,-243,123,55.689,-243,-123,1.615,false
wv3:L02-C:MOB-02:015,ordinary,MOB-02,wolf,L02,L02-C,surface,8,-240,96,58.264,-240,-96,1.615,false
wv3:L02-C:MOB-02:016,ordinary,MOB-02,wolf,L02,L02-C,surface,8,-237,99,57.602,-237,-99,1.615,false
wv3:L02-C:MOB-02:017,ordinary,MOB-02,wolf,L02,L02-C,surface,8,-243,99,58.026,-243,-99,1.615,false
wv3:L02-C:MOB-02:018,ordinary,MOB-02,wolf,L02,L02-C,surface,8,-237,93,58.612,-237,-93,1.615,false
wv3:L02-C:MOB-02:019,ordinary,MOB-02,wolf,L02,L02-C,surface,8,-240,102,57.363,-240,-102,1.615,false
wv3:L02-C:MOB-02:020,ordinary,MOB-02,wolf,L02,L02-C,surface,9,-228,120,55.875,-228,-120,1.615,false
wv3:L02-C:MOB-02:021,ordinary,MOB-02,wolf,L02,L02-C,surface,9,-231,117,54.692,-231,-117,1.615,false
wv3:L02-C:MOB-02:022,ordinary,MOB-02,wolf,L02,L02-C,surface,9,-225,117,57.691,-225,-117,1.615,false
wv3:L02-C:MOB-02:023,ordinary,MOB-02,wolf,L02,L02-C,surface,9,-231,123,54.434,-231,-123,1.615,false
wv3:L02-C:MOB-02:024,ordinary,MOB-02,wolf,L02,L02-C,surface,9,-225,123,58.165,-225,-123,1.615,false
wv3:L02-C:MOB-05:000,ordinary,MOB-05,v3_armored_beetle,L02,L02-C,surface,7,-225,81,60.454,-225,-81,0.46,false
wv3:L02-C:MOB-05:001,ordinary,MOB-05,v3_armored_beetle,L02,L02-C,surface,7,-225,84,60.032,-225,-84,0.46,false
wv3:L02-C:MOB-05:002,ordinary,MOB-05,v3_armored_beetle,L02,L02-C,surface,7,-222,81,60.616,-222,-81,0.46,false
wv3:L02-C:MOB-05:003,ordinary,MOB-05,v3_armored_beetle,L02,L02-C,surface,7,-228,81,60.375,-228,-81,0.46,false
wv3:L02-C:MOB-05:004,ordinary,MOB-05,v3_armored_beetle,L02,L02-C,surface,7,-225,78,60.842,-225,-78,0.46,false
wv3:L02-C:MOB-05:005,ordinary,MOB-05,v3_armored_beetle,L02,L02-C,surface,7,-225,93,58.653,-225,-93,0.46,false
wv3:L02-C:MOB-05:006,ordinary,MOB-05,v3_armored_beetle,L02,L02-C,surface,7,-225,90,59.114,-225,-90,0.46,false
wv3:L02-C:MOB-05:007,ordinary,MOB-05,v3_armored_beetle,L02,L02-C,surface,8,-222,93,59.054,-222,-93,0.46,false
wv3:L02-C:MOB-05:008,ordinary,MOB-05,v3_armored_beetle,L02,L02-C,surface,8,-228,93,58.417,-228,-93,0.46,false
wv3:L02-C:MOB-05:009,ordinary,MOB-05,v3_armored_beetle,L02,L02-C,surface,8,-225,96,58.184,-225,-96,0.46,false
wv3:L02-C:MOB-05:010,ordinary,MOB-05,v3_armored_beetle,L02,L02-C,surface,8,-213,81,60.02,-213,-81,0.46,false
wv3:L02-C:MOB-05:011,ordinary,MOB-05,v3_armored_beetle,L02,L02-C,surface,8,-216,81,60.58,-216,-81,0.46,false
wv3:L02-C:MOB-05:012,ordinary,MOB-05,v3_armored_beetle,L02,L02-C,surface,8,-213,84,59.726,-213,-84,0.46,false
wv3:L02-C:MOB-05:013,ordinary,MOB-05,v3_armored_beetle,L02,L02-C,surface,8,-213,78,60.384,-213,-78,0.46,false
wv3:L02-C:MOB-05:014,ordinary,MOB-05,v3_armored_beetle,L02,L02-C,surface,9,-210,81,59.272,-210,-81,0.46,false
wv3:L02-C:MOB-05:015,ordinary,MOB-05,v3_armored_beetle,L02,L02-C,surface,9,-237,81,60.579,-237,-81,0.46,false
wv3:L02-C:MOB-05:016,ordinary,MOB-05,v3_armored_beetle,L02,L02-C,surface,9,-234,81,60.511,-234,-81,0.46,false
wv3:L02-C:MOB-05:017,ordinary,MOB-05,v3_armored_beetle,L02,L02-C,surface,9,-237,84,60.112,-237,-84,0.46,false
wv3:L02-C:MOB-05:018,ordinary,MOB-05,v3_armored_beetle,L02,L02-C,surface,9,-234,84,60.036,-234,-84,0.46,false
wv3:L02-C:MOB-05:019,ordinary,MOB-05,v3_armored_beetle,L02,L02-C,surface,9,-234,78,60.96,-234,-78,0.46,false
wv3:L03-A:MOB-04:000,ordinary,MOB-04,v3_forest_boar,L03,L03-A,surface,3,-345,174,61.705,-345,-174,0.46,false
wv3:L03-A:MOB-04:001,ordinary,MOB-04,v3_forest_boar,L03,L03-A,surface,3,-345,177,61.332,-345,-177,0.46,false
wv3:L03-A:MOB-04:002,ordinary,MOB-04,v3_forest_boar,L03,L03-A,surface,3,-348,174,61.996,-348,-174,0.46,false
wv3:L03-A:MOB-04:003,ordinary,MOB-04,v3_forest_boar,L03,L03-A,surface,4,-342,174,61.33,-342,-174,0.46,false
wv3:L03-A:MOB-04:004,ordinary,MOB-04,v3_forest_boar,L03,L03-A,surface,4,-348,177,61.595,-348,-177,0.46,false
wv3:L03-A:MOB-04:005,ordinary,MOB-04,v3_forest_boar,L03,L03-A,surface,5,-360,186,60.171,-360,-186,0.46,false
wv3:L03-A:MOB-04:006,ordinary,MOB-04,v3_forest_boar,L03,L03-A,surface,5,-357,186,60.193,-357,-186,0.46,false
wv3:L03-A:MOB-04:007,ordinary,MOB-04,v3_forest_boar,L03,L03-A,surface,5,-360,183,60.734,-360,-183,0.46,false
wv3:L03-A:MOB-04:008,ordinary,MOB-04,v3_forest_boar,L03,L03-A,surface,6,-360,189,59.577,-360,-189,0.46,false
wv3:L03-A:MOB-04:009,ordinary,MOB-04,v3_forest_boar,L03,L03-A,surface,6,-363,186,60.146,-363,-186,0.46,false
wv3:L03-A:MOB-06:000,ordinary,MOB-06,v3_forest_spider,L03,L03-A,surface,10,-429,171,55.129,-429,-171,0.46,false
wv3:L03-A:MOB-06:001,ordinary,MOB-06,v3_forest_spider,L03,L03-A,surface,10,-432,171,54.654,-432,-171,0.46,false
wv3:L03-A:MOB-06:002,ordinary,MOB-06,v3_forest_spider,L03,L03-A,surface,10,-429,168,55.457,-429,-168,0.46,false
wv3:L03-A:MOB-06:003,ordinary,MOB-06,v3_forest_spider,L03,L03-A,surface,10,-429,174,54.839,-429,-174,0.46,false
wv3:L03-A:MOB-06:004,ordinary,MOB-06,v3_forest_spider,L03,L03-A,surface,10,-426,171,55.673,-426,-171,0.46,false
wv3:L03-A:MOB-06:005,ordinary,MOB-06,v3_forest_spider,L03,L03-A,surface,10,-444,159,54.994,-444,-159,0.46,false
wv3:L03-A:MOB-06:006,ordinary,MOB-06,v3_forest_spider,L03,L03-A,surface,10,-441,159,55.164,-441,-159,0.46,false
wv3:L03-A:MOB-06:007,ordinary,MOB-06,v3_forest_spider,L03,L03-A,surface,10,-444,162,54.613,-444,-162,0.46,false
wv3:L03-A:MOB-06:008,ordinary,MOB-06,v3_forest_spider,L03,L03-A,surface,11,-444,156,55.401,-444,-156,0.46,false
wv3:L03-A:MOB-06:009,ordinary,MOB-06,v3_forest_spider,L03,L03-A,surface,11,-447,159,54.918,-447,-159,0.46,false
wv3:L03-A:MOB-06:010,ordinary,MOB-06,v3_forest_spider,L03,L03-A,surface,11,-444,183,52.946,-444,-183,0.46,false
wv3:L03-A:MOB-06:011,ordinary,MOB-06,v3_forest_spider,L03,L03-A,surface,11,-441,183,53.089,-441,-183,0.46,false
wv3:L03-A:MOB-06:012,ordinary,MOB-06,v3_forest_spider,L03,L03-A,surface,11,-444,186,52.843,-444,-186,0.46,false
wv3:L03-A:MOB-06:013,ordinary,MOB-06,v3_forest_spider,L03,L03-A,surface,11,-447,183,52.828,-447,-183,0.46,false
wv3:L03-A:MOB-06:014,ordinary,MOB-06,v3_forest_spider,L03,L03-A,surface,11,-441,180,53.202,-441,-180,0.46,false
wv3:L03-A:MOB-06:015,ordinary,MOB-06,v3_forest_spider,L03,L03-A,surface,11,-417,156,58.865,-417,-156,0.46,false
wv3:L03-A:MOB-06:016,ordinary,MOB-06,v3_forest_spider,L03,L03-A,surface,12,-417,159,58.606,-417,-159,0.46,false
wv3:L03-A:MOB-06:017,ordinary,MOB-06,v3_forest_spider,L03,L03-A,surface,12,-420,156,58.477,-420,-156,0.46,false
wv3:L03-A:MOB-06:018,ordinary,MOB-06,v3_forest_spider,L03,L03-A,surface,12,-414,156,59.201,-414,-156,0.46,false
wv3:L03-A:MOB-06:019,ordinary,MOB-06,v3_forest_spider,L03,L03-A,surface,12,-417,153,59.138,-417,-153,0.46,false
wv3:L03-A:MOB-06:020,ordinary,MOB-06,v3_forest_spider,L03,L03-A,surface,12,-417,186,56.271,-417,-186,0.46,false
wv3:L03-A:MOB-06:021,ordinary,MOB-06,v3_forest_spider,L03,L03-A,surface,12,-417,183,56.521,-417,-183,0.46,false
wv3:L03-A:MOB-06:022,ordinary,MOB-06,v3_forest_spider,L03,L03-A,surface,12,-420,186,55.63,-420,-186,0.46,false
wv3:L03-A:MOB-06:023,ordinary,MOB-06,v3_forest_spider,L03,L03-A,surface,12,-414,186,56.936,-414,-186,0.46,false
wv3:L03-A:MOB-06:024,ordinary,MOB-06,v3_forest_spider,L03,L03-A,surface,13,-417,189,56.014,-417,-189,0.46,false
wv3:L03-A:MOB-06:025,ordinary,MOB-06,v3_forest_spider,L03,L03-A,surface,13,-405,171,59.662,-405,-171,0.46,false
wv3:L03-A:MOB-06:026,ordinary,MOB-06,v3_forest_spider,L03,L03-A,surface,13,-408,171,59.231,-408,-171,0.46,false
wv3:L03-A:MOB-06:027,ordinary,MOB-06,v3_forest_spider,L03,L03-A,surface,13,-405,168,59.726,-405,-168,0.46,false
wv3:L03-A:MOB-06:028,ordinary,MOB-06,v3_forest_spider,L03,L03-A,surface,13,-405,174,59.565,-405,-174,0.46,false
wv3:L03-A:MOB-06:029,ordinary,MOB-06,v3_forest_spider,L03,L03-A,surface,13,-402,171,60.012,-402,-171,0.46,false
wv3:L03-A:MOB-06:030,ordinary,MOB-06,v3_forest_spider,L03,L03-A,surface,13,-432,144,58.606,-432,-144,0.46,false
wv3:L03-A:MOB-06:031,ordinary,MOB-06,v3_forest_spider,L03,L03-A,surface,13,-432,147,58.118,-432,-147,0.46,false
wv3:L03-A:MOB-06:032,ordinary,MOB-06,v3_forest_spider,L03,L03-A,surface,14,-429,144,58.966,-429,-144,0.46,false
wv3:L03-A:MOB-06:033,ordinary,MOB-06,v3_forest_spider,L03,L03-A,surface,14,-435,144,58.223,-435,-144,0.46,false
wv3:L03-A:MOB-06:034,ordinary,MOB-06,v3_forest_spider,L03,L03-A,surface,14,-429,147,58.511,-429,-147,0.46,false
wv3:L03-A:MOB-06:035,ordinary,MOB-06,v3_forest_spider,L03,L03-A,surface,14,-432,198,53.519,-432,-198,0.46,false
wv3:L03-A:MOB-06:036,ordinary,MOB-06,v3_forest_spider,L03,L03-A,surface,14,-432,195,53.547,-432,-195,0.46,false
wv3:L03-A:MOB-06:037,ordinary,MOB-06,v3_forest_spider,L03,L03-A,surface,14,-429,198,53.762,-429,-198,0.46,false
wv3:L03-A:MOB-06:038,ordinary,MOB-06,v3_forest_spider,L03,L03-A,surface,14,-435,198,53.303,-435,-198,0.46,false
wv3:L03-A:MOB-06:039,ordinary,MOB-06,v3_forest_spider,L03,L03-A,surface,14,-432,201,53.49,-432,-201,0.46,false
wv3:L03-A:MOB-07:000,ordinary,MOB-07,v3_road_bandit,L03,L03-A,surface,12,-519,99,60.172,-519,-99,0.46,false
wv3:L03-A:MOB-07:001,ordinary,MOB-07,v3_road_bandit,L03,L03-A,surface,12,-519,102,58.534,-519,-102,0.46,false
wv3:L03-A:MOB-07:002,ordinary,MOB-07,v3_road_bandit,L03,L03-A,surface,12,-522,102,57.867,-522,-102,0.46,false
wv3:L03-A:MOB-07:003,ordinary,MOB-07,v3_road_bandit,L03,L03-A,surface,12,-522,96,60.9,-522,-96,0.46,false
wv3:L03-A:MOB-07:004,ordinary,MOB-07,v3_road_bandit,L03,L03-A,surface,12,-516,102,59.132,-516,-102,0.46,false
wv3:L03-A:MOB-07:005,ordinary,MOB-07,v3_road_bandit,L03,L03-A,surface,13,-534,111,53.756,-534,-111,0.46,false
wv3:L03-A:MOB-07:006,ordinary,MOB-07,v3_road_bandit,L03,L03-A,surface,13,-531,111,53.564,-531,-111,0.46,false
wv3:L03-A:MOB-07:007,ordinary,MOB-07,v3_road_bandit,L03,L03-A,surface,13,-534,108,53.888,-534,-108,0.46,false
wv3:L03-A:MOB-07:008,ordinary,MOB-07,v3_road_bandit,L03,L03-A,surface,13,-534,114,53.624,-534,-114,0.46,false
wv3:L03-A:MOB-07:009,ordinary,MOB-07,v3_road_bandit,L03,L03-A,surface,13,-531,108,53.708,-531,-108,0.46,false
wv3:L03-A:MOB-07:010,ordinary,MOB-07,v3_road_bandit,L03,L03-A,surface,14,-507,114,54.148,-507,-114,0.46,false
wv3:L03-A:MOB-07:011,ordinary,MOB-07,v3_road_bandit,L03,L03-A,surface,14,-510,114,53.778,-510,-114,0.46,false
wv3:L03-A:MOB-07:012,ordinary,MOB-07,v3_road_bandit,L03,L03-A,surface,14,-504,114,54.654,-504,-114,0.46,false
wv3:L03-A:MOB-07:013,ordinary,MOB-07,v3_road_bandit,L03,L03-A,surface,14,-507,117,53.947,-507,-117,0.46,false
wv3:L03-A:MOB-07:014,ordinary,MOB-07,v3_road_bandit,L03,L03-A,surface,14,-510,111,54.731,-510,-111,0.46,false
wv3:L03-A:MOB-07:015,ordinary,MOB-07,v3_road_bandit,L03,L03-A,surface,15,-531,84,61.033,-531,-84,0.46,false
wv3:L03-A:MOB-07:016,ordinary,MOB-07,v3_road_bandit,L03,L03-A,surface,15,-534,84,61.385,-534,-84,0.46,false
wv3:L03-A:MOB-07:017,ordinary,MOB-07,v3_road_bandit,L03,L03-A,surface,15,-531,81,59.723,-531,-81,0.46,false
wv3:L03-A:MOB-07:018,ordinary,MOB-07,v3_road_bandit,L03,L03-A,surface,15,-531,78,57.885,-531,-78,0.46,false
wv3:L03-A:MOB-07:019,ordinary,MOB-07,v3_road_bandit,L03,L03-A,surface,15,-525,87,61.062,-525,-87,0.46,false
wv3:L03-A:MOB-07:020,ordinary,MOB-07,v3_road_bandit,L03,L03-A,surface,16,-507,84,56.283,-507,-84,0.46,false
wv3:L03-A:MOB-07:021,ordinary,MOB-07,v3_road_bandit,L03,L03-A,surface,16,-507,87,57.898,-507,-87,0.46,false
wv3:L03-A:MOB-07:022,ordinary,MOB-07,v3_road_bandit,L03,L03-A,surface,16,-510,84,56.983,-510,-84,0.46,false
wv3:L03-A:MOB-07:023,ordinary,MOB-07,v3_road_bandit,L03,L03-A,surface,16,-504,84,55.583,-504,-84,0.46,false
wv3:L03-A:MOB-07:024,ordinary,MOB-07,v3_road_bandit,L03,L03-A,surface,16,-507,81,55.222,-507,-81,0.46,false
wv3:L03-A:MOB-07:025,ordinary,MOB-07,v3_road_bandit,L03,L03-A,surface,17,-522,126,52.796,-522,-126,0.46,false
wv3:L03-A:MOB-07:026,ordinary,MOB-07,v3_road_bandit,L03,L03-A,surface,17,-522,123,52.846,-522,-123,0.46,false
wv3:L03-A:MOB-07:027,ordinary,MOB-07,v3_road_bandit,L03,L03-A,surface,17,-519,126,52.838,-519,-126,0.46,false
wv3:L03-A:MOB-07:028,ordinary,MOB-07,v3_road_bandit,L03,L03-A,surface,17,-525,126,52.826,-525,-126,0.46,false
wv3:L03-A:MOB-07:029,ordinary,MOB-07,v3_road_bandit,L03,L03-A,surface,17,-522,129,52.776,-522,-129,0.46,false
wv3:L03-A:MOB-08:000,ordinary,MOB-08,v3_lynx,L03,L03-A,surface,12,-666,21,51.432,-666,-21,0.46,false
wv3:L03-A:MOB-08:001,ordinary,MOB-08,v3_lynx,L03,L03-A,surface,12,-666,18,53.051,-666,-18,0.46,false
wv3:L03-A:MOB-08:002,ordinary,MOB-08,v3_lynx,L03,L03-A,surface,12,-666,24,50.051,-666,-24,0.46,false
wv3:L03-A:MOB-08:003,ordinary,MOB-08,v3_lynx,L03,L03-A,surface,12,-663,18,55.068,-663,-18,0.46,false
wv3:L03-A:MOB-08:004,ordinary,MOB-08,v3_lynx,L03,L03-A,surface,12,-669,18,51.268,-669,-18,0.46,false
wv3:L03-A:MOB-08:005,ordinary,MOB-08,v3_lynx,L03,L03-A,surface,12,-654,6,67.146,-654,-6,0.46,false
wv3:L03-A:MOB-08:006,ordinary,MOB-08,v3_lynx,L03,L03-A,surface,12,-654,9,66.159,-654,-9,0.46,false
wv3:L03-A:MOB-08:007,ordinary,MOB-08,v3_lynx,L03,L03-A,surface,13,-657,6,66.094,-657,-6,0.46,false
wv3:L03-A:MOB-08:008,ordinary,MOB-08,v3_lynx,L03,L03-A,surface,13,-657,9,64.764,-657,-9,0.46,false
wv3:L03-A:MOB-08:009,ordinary,MOB-08,v3_lynx,L03,L03-A,surface,13,-657,3,67.166,-657,-3,0.46,false
wv3:L03-A:MOB-08:010,ordinary,MOB-08,v3_lynx,L03,L03-A,surface,13,-651,33,53.856,-651,-33,0.46,false
wv3:L03-A:MOB-08:011,ordinary,MOB-08,v3_lynx,L03,L03-A,surface,13,-654,33,52.099,-654,-33,0.46,false
wv3:L03-A:MOB-08:012,ordinary,MOB-08,v3_lynx,L03,L03-A,surface,13,-651,30,55.734,-651,-30,0.46,false
wv3:L03-A:MOB-08:013,ordinary,MOB-08,v3_lynx,L03,L03-A,surface,13,-651,36,52.266,-651,-36,0.46,false
wv3:L03-A:MOB-08:014,ordinary,MOB-08,v3_lynx,L03,L03-A,surface,14,-648,33,55.898,-648,-33,0.46,false
wv3:L03-A:MOB-08:015,ordinary,MOB-08,v3_lynx,L03,L03-A,surface,14,-681,9,49.377,-681,-9,0.46,false
wv3:L03-A:MOB-08:016,ordinary,MOB-08,v3_lynx,L03,L03-A,surface,14,-678,9,50.793,-678,-9,0.46,false
wv3:L03-A:MOB-08:017,ordinary,MOB-08,v3_lynx,L03,L03-A,surface,14,-681,12,48.374,-681,-12,0.46,false
wv3:L03-A:MOB-08:018,ordinary,MOB-08,v3_lynx,L03,L03-A,surface,14,-684,12,47.661,-684,-12,0.46,false
wv3:L03-A:MOB-08:019,ordinary,MOB-08,v3_lynx,L03,L03-A,surface,14,-684,6,49.318,-684,-6,0.46,false
wv3:L03-A:MOB-08:020,ordinary,MOB-08,v3_lynx,L03,L03-A,surface,15,-681,33,47.32,-681,-33,0.46,false
wv3:L03-A:MOB-08:021,ordinary,MOB-08,v3_lynx,L03,L03-A,surface,15,-681,30,47.192,-681,-30,0.46,false
wv3:L03-A:MOB-08:022,ordinary,MOB-08,v3_lynx,L03,L03-A,surface,15,-681,36,47.504,-681,-36,0.46,false
wv3:L03-A:MOB-08:023,ordinary,MOB-08,v3_lynx,L03,L03-A,surface,15,-678,30,47.335,-678,-30,0.46,false
wv3:L03-A:MOB-08:024,ordinary,MOB-08,v3_lynx,L03,L03-A,surface,15,-684,30,47.118,-684,-30,0.46,false
wv3:L03-A:MOB-08:025,ordinary,MOB-08,v3_lynx,L03,L03-A,surface,15,-666,45,48.973,-666,-45,0.46,false
wv3:L03-A:MOB-08:026,ordinary,MOB-08,v3_lynx,L03,L03-A,surface,15,-666,42,48.848,-666,-42,0.46,false
wv3:L03-A:MOB-08:027,ordinary,MOB-08,v3_lynx,L03,L03-A,surface,16,-663,45,49.249,-663,-45,0.46,false
wv3:L03-A:MOB-08:028,ordinary,MOB-08,v3_lynx,L03,L03-A,surface,16,-669,45,48.727,-669,-45,0.46,false
wv3:L03-A:MOB-08:029,ordinary,MOB-08,v3_lynx,L03,L03-A,surface,16,-666,48,49.101,-666,-48,0.46,false
wv3:L03-A:MOB-08:030,ordinary,MOB-08,v3_lynx,L03,L03-A,surface,16,-669,-6,65.601,-669,6,0.46,false
wv3:L03-A:MOB-08:031,ordinary,MOB-08,v3_lynx,L03,L03-A,surface,16,-669,-3,64.039,-669,3,0.46,false
wv3:L03-A:MOB-08:032,ordinary,MOB-08,v3_lynx,L03,L03-A,surface,16,-666,-6,67.067,-666,6,0.46,false
wv3:L03-A:MOB-08:033,ordinary,MOB-08,v3_lynx,L03,L03-A,surface,16,-672,-6,63.798,-672,6,0.46,false
wv3:L03-A:MOB-08:034,ordinary,MOB-08,v3_lynx,L03,L03-A,surface,17,-669,-9,66.976,-669,9,0.46,false
wv3:L03-A:MOB-08:035,ordinary,MOB-08,v3_lynx,L03,L03-A,surface,17,-633,18,66.613,-633,-18,0.46,false
wv3:L03-A:MOB-08:036,ordinary,MOB-08,v3_lynx,L03,L03-A,surface,17,-630,18,65.928,-630,-18,0.46,false
wv3:L03-A:MOB-08:037,ordinary,MOB-08,v3_lynx,L03,L03-A,surface,17,-630,21,66.321,-630,-21,0.46,false
wv3:L03-A:MOB-08:038,ordinary,MOB-08,v3_lynx,L03,L03-A,surface,17,-627,18,64.565,-627,-18,0.46,false
wv3:L03-A:MOB-08:039,ordinary,MOB-08,v3_lynx,L03,L03-A,surface,17,-639,21,66.693,-639,-21,0.46,false
wv3:L03-B:MOB-09:000,ordinary,MOB-09,exile,L03,L03-B,surface,18,-480,-96,73.902,-480,96,0.46,false
wv3:L03-B:MOB-09:001,ordinary,MOB-09,exile,L03,L03-B,surface,18,-480,-93,73.678,-480,93,0.46,false
wv3:L03-B:MOB-09:002,ordinary,MOB-09,exile,L03,L03-B,surface,18,-483,-96,73.658,-483,96,0.46,false
wv3:L03-B:MOB-09:003,ordinary,MOB-09,exile,L03,L03-B,surface,18,-477,-96,74.143,-477,96,0.46,false
wv3:L03-B:MOB-09:004,ordinary,MOB-09,exile,L03,L03-B,surface,18,-480,-99,74.12,-480,99,0.46,false
wv3:L03-B:MOB-09:005,ordinary,MOB-09,exile,L03,L03-B,surface,18,-492,-81,71.016,-492,81,0.46,false
wv3:L03-B:MOB-09:006,ordinary,MOB-09,exile,L03,L03-B,surface,19,-492,-84,71.415,-492,84,0.46,false
wv3:L03-B:MOB-09:007,ordinary,MOB-09,exile,L03,L03-B,surface,19,-489,-81,71.517,-489,81,0.46,false
wv3:L03-B:MOB-09:008,ordinary,MOB-09,exile,L03,L03-B,surface,19,-495,-81,70.451,-495,81,0.46,false
wv3:L03-B:MOB-09:009,ordinary,MOB-09,exile,L03,L03-B,surface,19,-492,-78,70.588,-492,78,0.46,false
wv3:L03-B:MOB-09:010,ordinary,MOB-09,exile,L03,L03-B,surface,19,-465,-84,73.72,-465,84,0.46,false
wv3:L03-B:MOB-09:011,ordinary,MOB-09,exile,L03,L03-B,surface,19,-468,-84,73.558,-468,84,0.46,false
wv3:L03-B:MOB-09:012,ordinary,MOB-09,exile,L03,L03-B,surface,20,-465,-87,74.149,-465,87,0.46,false
wv3:L03-B:MOB-09:013,ordinary,MOB-09,exile,L03,L03-B,surface,20,-465,-81,73.267,-465,81,0.46,false
wv3:L03-B:MOB-09:014,ordinary,MOB-09,exile,L03,L03-B,surface,20,-462,-84,73.908,-462,84,0.46,false
wv3:L03-B:MOB-09:015,ordinary,MOB-09,exile,L03,L03-B,surface,20,-495,-108,73.589,-495,108,0.46,false
wv3:L03-B:MOB-09:016,ordinary,MOB-09,exile,L03,L03-B,surface,20,-492,-108,73.849,-492,108,0.46,false
wv3:L03-B:MOB-09:017,ordinary,MOB-09,exile,L03,L03-B,surface,20,-495,-105,73.285,-495,105,0.46,false
wv3:L03-B:MOB-09:018,ordinary,MOB-09,exile,L03,L03-B,surface,21,-495,-111,73.9,-495,111,0.46,false
wv3:L03-B:MOB-09:019,ordinary,MOB-09,exile,L03,L03-B,surface,21,-498,-108,73.293,-498,108,0.46,false
wv3:L03-B:MOB-09:020,ordinary,MOB-09,exile,L03,L03-B,surface,21,-465,-108,77.029,-465,108,0.46,false
wv3:L03-B:MOB-09:021,ordinary,MOB-09,exile,L03,L03-B,surface,21,-465,-105,76.612,-465,105,0.46,false
wv3:L03-B:MOB-09:022,ordinary,MOB-09,exile,L03,L03-B,surface,21,-465,-111,77.448,-465,111,0.46,false
wv3:L03-B:MOB-09:023,ordinary,MOB-09,exile,L03,L03-B,surface,22,-462,-108,77.601,-462,108,0.46,false
wv3:L03-B:MOB-09:024,ordinary,MOB-09,exile,L03,L03-B,surface,22,-468,-105,76.1,-468,105,0.46,false
wv3:L03-B:MOB-09:025,ordinary,MOB-09,exile,L03,L03-B,surface,22,-480,-120,76.126,-480,120,0.46,false
wv3:L03-B:MOB-09:026,ordinary,MOB-09,exile,L03,L03-B,surface,22,-480,-117,75.75,-480,117,0.46,false
wv3:L03-B:MOB-09:027,ordinary,MOB-09,exile,L03,L03-B,surface,22,-483,-120,75.767,-483,120,0.46,false
wv3:L03-B:MOB-09:028,ordinary,MOB-09,exile,L03,L03-B,surface,22,-477,-120,76.561,-477,120,0.46,false
wv3:L03-B:MOB-09:029,ordinary,MOB-09,exile,L03,L03-B,surface,23,-480,-123,76.544,-480,123,0.46,false
wv3:L03-B:MOB-09:030,ordinary,MOB-09,exile,L03,L03-B,surface,23,-507,-93,69.737,-507,93,0.46,false
wv3:L03-B:MOB-09:031,ordinary,MOB-09,exile,L03,L03-B,surface,23,-504,-93,70.333,-504,93,0.46,false
wv3:L03-B:MOB-09:032,ordinary,MOB-09,exile,L03,L03-B,surface,23,-507,-90,69.288,-507,90,0.46,false
wv3:L03-B:MOB-09:033,ordinary,MOB-09,exile,L03,L03-B,surface,23,-510,-93,69.153,-510,93,0.46,false
wv3:L03-B:MOB-09:034,ordinary,MOB-09,exile,L03,L03-B,surface,23,-504,-96,70.775,-504,96,0.46,false
wv3:L03-B:MOB-09:035,ordinary,MOB-09,exile,L03,L03-B,surface,24,-450,-96,77.643,-450,96,0.46,false
wv3:L03-B:MOB-09:036,ordinary,MOB-09,exile,L03,L03-B,surface,24,-453,-96,77.206,-453,96,0.46,false
wv3:L03-B:MOB-09:037,ordinary,MOB-09,exile,L03,L03-B,surface,24,-450,-93,77.039,-450,93,0.46,false
wv3:L03-B:MOB-09:038,ordinary,MOB-09,exile,L03,L03-B,surface,24,-450,-99,78.215,-450,99,0.46,false
wv3:L03-B:MOB-09:039,ordinary,MOB-09,exile,L03,L03-B,surface,24,-447,-96,78.033,-447,96,0.46,false
wv3:L03-B:MOB-11:000,ordinary,MOB-11,v3_goblin_trapper,L03,L03-B,surface,18,-609,-81,66.724,-609,81,0.46,false
wv3:L03-B:MOB-11:001,ordinary,MOB-11,v3_goblin_trapper,L03,L03-B,surface,18,-609,-84,68.664,-609,84,0.46,false
wv3:L03-B:MOB-11:002,ordinary,MOB-11,v3_goblin_trapper,L03,L03-B,surface,18,-612,-84,70.823,-612,84,0.46,false
wv3:L03-B:MOB-11:003,ordinary,MOB-11,v3_goblin_trapper,L03,L03-B,surface,18,-606,-78,63.677,-606,78,0.46,false
wv3:L03-B:MOB-11:004,ordinary,MOB-11,v3_goblin_trapper,L03,L03-B,surface,18,-606,-84,66.72,-606,84,0.46,false
wv3:L03-B:MOB-11:005,ordinary,MOB-11,v3_goblin_trapper,L03,L03-B,surface,18,-630,-78,77.513,-630,78,0.46,false
wv3:L03-B:MOB-11:006,ordinary,MOB-11,v3_goblin_trapper,L03,L03-B,surface,18,-627,-78,76.461,-627,78,0.46,false
wv3:L03-B:MOB-11:007,ordinary,MOB-11,v3_goblin_trapper,L03,L03-B,surface,19,-630,-75,76.256,-630,75,0.46,false
wv3:L03-B:MOB-11:008,ordinary,MOB-11,v3_goblin_trapper,L03,L03-B,surface,19,-633,-78,77.975,-633,78,0.46,false
wv3:L03-B:MOB-11:009,ordinary,MOB-11,v3_goblin_trapper,L03,L03-B,surface,19,-627,-75,74.812,-627,75,0.46,false
wv3:L03-B:MOB-11:010,ordinary,MOB-11,v3_goblin_trapper,L03,L03-B,surface,19,-618,-99,81.5,-618,99,0.46,false
wv3:L03-B:MOB-11:011,ordinary,MOB-11,v3_goblin_trapper,L03,L03-B,surface,19,-615,-99,81.103,-615,99,0.46,false
wv3:L03-B:MOB-11:012,ordinary,MOB-11,v3_goblin_trapper,L03,L03-B,surface,19,-615,-96,80.066,-615,96,0.46,false
wv3:L03-B:MOB-11:013,ordinary,MOB-11,v3_goblin_trapper,L03,L03-B,surface,19,-615,-102,81.953,-615,102,0.46,false
wv3:L03-B:MOB-11:014,ordinary,MOB-11,v3_goblin_trapper,L03,L03-B,surface,20,-612,-99,80.33,-612,99,0.46,false
wv3:L03-B:MOB-11:015,ordinary,MOB-11,v3_goblin_trapper,L03,L03-B,surface,20,-597,-96,68.985,-597,96,0.46,false
wv3:L03-B:MOB-11:016,ordinary,MOB-11,v3_goblin_trapper,L03,L03-B,surface,20,-597,-93,67.157,-597,93,0.46,false
wv3:L03-B:MOB-11:017,ordinary,MOB-11,v3_goblin_trapper,L03,L03-B,surface,20,-600,-96,70.96,-600,96,0.46,false
wv3:L03-B:MOB-11:018,ordinary,MOB-11,v3_goblin_trapper,L03,L03-B,surface,20,-594,-96,67.353,-594,96,0.46,false
wv3:L03-B:MOB-11:019,ordinary,MOB-11,v3_goblin_trapper,L03,L03-B,surface,20,-597,-99,71.206,-597,99,0.46,false
wv3:L03-B:MOB-11:020,ordinary,MOB-11,v3_goblin_trapper,L03,L03-B,surface,21,-588,-78,63.994,-588,78,0.46,false
wv3:L03-B:MOB-11:021,ordinary,MOB-11,v3_goblin_trapper,L03,L03-B,surface,21,-591,-78,64.003,-591,78,0.46,false
wv3:L03-B:MOB-11:022,ordinary,MOB-11,v3_goblin_trapper,L03,L03-B,surface,21,-585,-81,64.131,-585,81,0.46,false
wv3:L03-B:MOB-11:023,ordinary,MOB-11,v3_goblin_trapper,L03,L03-B,surface,21,-585,-75,63.686,-585,75,0.46,false
wv3:L03-B:MOB-11:024,ordinary,MOB-11,v3_goblin_trapper,L03,L03-B,surface,21,-594,-78,63.947,-594,78,0.46,false
wv3:L03-B:MOB-11:025,ordinary,MOB-11,v3_goblin_trapper,L03,L03-B,surface,21,-639,-96,76.213,-639,96,0.46,false
wv3:L03-B:MOB-11:026,ordinary,MOB-11,v3_goblin_trapper,L03,L03-B,surface,21,-636,-96,77.919,-636,96,0.46,false
wv3:L03-B:MOB-11:027,ordinary,MOB-11,v3_goblin_trapper,L03,L03-B,surface,22,-639,-93,76.984,-639,93,0.46,false
wv3:L03-B:MOB-11:028,ordinary,MOB-11,v3_goblin_trapper,L03,L03-B,surface,22,-639,-99,75.216,-639,99,0.46,false
wv3:L03-B:MOB-11:029,ordinary,MOB-11,v3_goblin_trapper,L03,L03-B,surface,22,-642,-96,74.243,-642,96,0.46,false
wv3:L03-B:MOB-11:030,ordinary,MOB-11,v3_goblin_trapper,L03,L03-B,surface,22,-576,-93,65.133,-576,93,0.46,false
wv3:L03-B:MOB-11:031,ordinary,MOB-11,v3_goblin_trapper,L03,L03-B,surface,22,-579,-93,64.919,-579,93,0.46,false
wv3:L03-B:MOB-11:032,ordinary,MOB-11,v3_goblin_trapper,L03,L03-B,surface,22,-579,-96,65.097,-579,96,0.46,false
wv3:L03-B:MOB-11:033,ordinary,MOB-11,v3_goblin_trapper,L03,L03-B,surface,22,-579,-87,64.509,-579,87,0.46,false
wv3:L03-B:MOB-11:034,ordinary,MOB-11,v3_goblin_trapper,L03,L03-B,surface,23,-597,-117,83.416,-597,117,0.46,false
wv3:L03-B:MOB-11:035,ordinary,MOB-11,v3_goblin_trapper,L03,L03-B,surface,23,-597,-114,82.224,-597,114,0.46,false
wv3:L03-B:MOB-11:036,ordinary,MOB-11,v3_goblin_trapper,L03,L03-B,surface,23,-594,-117,82.696,-594,117,0.46,false
wv3:L03-B:MOB-11:037,ordinary,MOB-11,v3_goblin_trapper,L03,L03-B,surface,23,-594,-114,81.111,-594,114,0.46,false
wv3:L03-B:MOB-11:038,ordinary,MOB-11,v3_goblin_trapper,L03,L03-B,surface,23,-594,-120,83.864,-594,120,0.46,false
wv3:L03-B:MOB-11:039,ordinary,MOB-11,v3_goblin_trapper,L03,L03-B,surface,23,-630,-114,75.909,-630,114,0.46,false
wv3:L03-B:MOB-15:000,ordinary,MOB-15,v3_satyr,L03,L03-B,surface,22,-651,-180,64.593,-651,180,0.46,false
wv3:L03-B:MOB-15:001,ordinary,MOB-15,v3_satyr,L03,L03-B,surface,22,-651,-177,64.051,-651,177,0.46,false
wv3:L03-B:MOB-15:002,ordinary,MOB-15,v3_satyr,L03,L03-B,surface,22,-651,-183,65.126,-651,183,0.46,false
wv3:L03-B:MOB-15:003,ordinary,MOB-15,v3_satyr,L03,L03-B,surface,22,-654,-180,64.167,-654,180,0.46,false
wv3:L03-B:MOB-15:004,ordinary,MOB-15,v3_satyr,L03,L03-B,surface,22,-648,-177,64.422,-648,177,0.46,false
wv3:L03-B:MOB-15:005,ordinary,MOB-15,v3_satyr,L03,L03-B,surface,22,-636,-168,63.55,-636,168,0.46,false
wv3:L03-B:MOB-15:006,ordinary,MOB-15,v3_satyr,L03,L03-B,surface,23,-639,-168,63.451,-639,168,0.46,false
wv3:L03-B:MOB-15:007,ordinary,MOB-15,v3_satyr,L03,L03-B,surface,23,-636,-171,64.12,-636,171,0.46,false
wv3:L03-B:MOB-15:008,ordinary,MOB-15,v3_satyr,L03,L03-B,surface,23,-636,-165,62.969,-636,165,0.46,false
wv3:L03-B:MOB-15:009,ordinary,MOB-15,v3_satyr,L03,L03-B,surface,23,-639,-171,64.013,-639,171,0.46,false
wv3:L03-B:MOB-15:010,ordinary,MOB-15,v3_satyr,L03,L03-B,surface,23,-639,-195,68.428,-639,195,0.46,false
wv3:L03-B:MOB-15:011,ordinary,MOB-15,v3_satyr,L03,L03-B,surface,23,-639,-192,67.823,-639,192,0.46,false
wv3:L03-B:MOB-15:012,ordinary,MOB-15,v3_satyr,L03,L03-B,surface,24,-636,-195,68.781,-636,195,0.46,false
wv3:L03-B:MOB-15:013,ordinary,MOB-15,v3_satyr,L03,L03-B,surface,24,-639,-198,69.076,-639,198,0.46,false
wv3:L03-B:MOB-15:014,ordinary,MOB-15,v3_satyr,L03,L03-B,surface,24,-642,-192,67.539,-642,192,0.46,false
wv3:L03-B:MOB-15:015,ordinary,MOB-15,v3_satyr,L03,L03-B,surface,24,-663,-165,59.211,-663,165,0.46,false
wv3:L03-B:MOB-15:016,ordinary,MOB-15,v3_satyr,L03,L03-B,surface,24,-663,-168,59.849,-663,168,0.46,false
wv3:L03-B:MOB-15:017,ordinary,MOB-15,v3_satyr,L03,L03-B,surface,24,-660,-165,59.881,-660,165,0.46,false
wv3:L03-B:MOB-15:018,ordinary,MOB-15,v3_satyr,L03,L03-B,surface,25,-666,-165,58.552,-666,165,0.46,false
wv3:L03-B:MOB-15:019,ordinary,MOB-15,v3_satyr,L03,L03-B,surface,25,-663,-162,58.579,-663,162,0.46,false
wv3:L03-B:MOB-15:020,ordinary,MOB-15,v3_satyr,L03,L03-B,surface,25,-666,-192,64.457,-666,192,0.46,false
wv3:L03-B:MOB-15:021,ordinary,MOB-15,v3_satyr,L03,L03-B,surface,25,-663,-192,65.037,-663,192,0.46,false
wv3:L03-B:MOB-15:022,ordinary,MOB-15,v3_satyr,L03,L03-B,surface,25,-666,-189,63.735,-666,189,0.46,false
wv3:L03-B:MOB-15:023,ordinary,MOB-15,v3_satyr,L03,L03-B,surface,26,-669,-192,63.815,-669,192,0.46,false
wv3:L03-B:MOB-15:024,ordinary,MOB-15,v3_satyr,L03,L03-B,surface,26,-669,-189,63.063,-669,189,0.46,false
wv3:L03-B:MOB-15:025,ordinary,MOB-15,v3_satyr,L03,L03-B,surface,26,-624,-183,67.392,-624,183,0.46,false
wv3:L03-B:MOB-15:026,ordinary,MOB-15,v3_satyr,L03,L03-B,surface,26,-624,-180,66.629,-624,180,0.46,false
wv3:L03-B:MOB-15:027,ordinary,MOB-15,v3_satyr,L03,L03-B,surface,26,-624,-186,68.165,-624,186,0.46,false
wv3:L03-B:MOB-15:028,ordinary,MOB-15,v3_satyr,L03,L03-B,surface,26,-621,-183,67.723,-621,183,0.46,false
wv3:L03-B:MOB-15:029,ordinary,MOB-15,v3_satyr,L03,L03-B,surface,27,-627,-180,66.376,-627,180,0.46,false
wv3:L03-B:MOB-15:030,ordinary,MOB-15,v3_satyr,L03,L03-B,surface,27,-648,-153,59.323,-648,153,0.46,false
wv3:L03-B:MOB-15:031,ordinary,MOB-15,v3_satyr,L03,L03-B,surface,27,-648,-156,60.052,-648,156,0.46,false
wv3:L03-B:MOB-15:032,ordinary,MOB-15,v3_satyr,L03,L03-B,surface,27,-651,-153,58.831,-651,153,0.46,false
wv3:L03-B:MOB-15:033,ordinary,MOB-15,v3_satyr,L03,L03-B,surface,27,-645,-153,59.748,-645,153,0.46,false
wv3:L03-B:MOB-15:034,ordinary,MOB-15,v3_satyr,L03,L03-B,surface,27,-648,-150,58.582,-648,150,0.46,false
wv3:L03-B:MOB-15:035,ordinary,MOB-15,v3_satyr,L03,L03-B,surface,28,-654,-207,69.64,-654,207,0.46,false
wv3:L03-B:MOB-15:036,ordinary,MOB-15,v3_satyr,L03,L03-B,surface,28,-651,-207,69.902,-651,207,0.46,false
wv3:L03-B:MOB-15:037,ordinary,MOB-15,v3_satyr,L03,L03-B,surface,28,-657,-207,69.387,-657,207,0.46,false
wv3:L03-B:MOB-15:038,ordinary,MOB-15,v3_satyr,L03,L03-B,surface,28,-654,-210,70.426,-654,210,0.46,false
wv3:L03-B:MOB-15:039,ordinary,MOB-15,v3_satyr,L03,L03-B,surface,28,-657,-204,68.632,-657,204,0.46,false
wv3:L03-C:MOB-21:000,ordinary,MOB-21,v3_stonebreaker_troll,L03,L03-C,surface,34,-345,-309,128.543,-345,309,1.05,false
wv3:L03-C:MOB-21:001,ordinary,MOB-21,v3_stonebreaker_troll,L03,L03-C,surface,34,-345,-312,129.641,-345,312,1.05,false
wv3:L03-C:MOB-21:002,ordinary,MOB-21,v3_stonebreaker_troll,L03,L03-C,surface,34,-345,-306,127.449,-345,306,1.05,false
wv3:L03-C:MOB-21:003,ordinary,MOB-21,v3_stonebreaker_troll,L03,L03-C,surface,34,-348,-312,128.995,-348,312,1.05,false
wv3:L03-C:MOB-21:004,ordinary,MOB-21,v3_stonebreaker_troll,L03,L03-C,surface,35,-342,-312,130.059,-342,312,1.05,false
wv3:L03-C:MOB-21:005,ordinary,MOB-21,v3_stonebreaker_troll,L03,L03-C,surface,35,-357,-324,133.642,-357,324,1.05,false
wv3:L03-C:MOB-21:006,ordinary,MOB-21,v3_stonebreaker_troll,L03,L03-C,surface,35,-357,-321,132.332,-357,321,1.05,false
wv3:L03-C:MOB-21:007,ordinary,MOB-21,v3_stonebreaker_troll,L03,L03-C,surface,35,-354,-324,133.589,-354,324,1.05,false
wv3:L03-C:MOB-21:008,ordinary,MOB-21,v3_stonebreaker_troll,L03,L03-C,surface,36,-360,-324,133.746,-360,324,1.05,false
wv3:L03-C:MOB-21:009,ordinary,MOB-21,v3_stonebreaker_troll,L03,L03-C,surface,36,-354,-321,132.285,-354,321,1.05,false
wv3:L03-C:MOB-21:010,ordinary,MOB-21,v3_stonebreaker_troll,L03,L03-C,surface,36,-333,-321,133.586,-333,321,1.05,false
wv3:L03-C:MOB-21:011,ordinary,MOB-21,v3_stonebreaker_troll,L03,L03-C,surface,37,-336,-324,135.424,-336,324,1.05,false
wv3:L03-C:MOB-21:012,ordinary,MOB-21,v3_stonebreaker_troll,L03,L03-C,surface,37,-336,-321,134.024,-336,321,1.05,false
wv3:L03-C:MOB-21:013,ordinary,MOB-21,v3_stonebreaker_troll,L03,L03-C,surface,37,-333,-318,131.976,-333,318,1.05,false
wv3:L03-C:MOB-21:014,ordinary,MOB-21,v3_stonebreaker_troll,L03,L03-C,surface,37,-339,-324,135.284,-339,324,1.05,false
wv3:L03-C:MOB-21:015,ordinary,MOB-21,v3_stonebreaker_troll,L03,L03-C,surface,38,-360,-297,124.788,-360,297,1.05,false
wv3:L03-C:MOB-21:016,ordinary,MOB-21,v3_stonebreaker_troll,L03,L03-C,surface,38,-357,-297,124.71,-357,297,1.05,false
wv3:L03-C:MOB-21:017,ordinary,MOB-21,v3_stonebreaker_troll,L03,L03-C,surface,38,-360,-300,125.48,-360,300,1.05,false
wv3:L03-C:MOB-21:018,ordinary,MOB-21,v3_stonebreaker_troll,L03,L03-C,surface,39,-360,-294,124.145,-360,294,1.05,false
wv3:L03-C:MOB-21:019,ordinary,MOB-21,v3_stonebreaker_troll,L03,L03-C,surface,39,-363,-297,124.869,-363,297,1.05,false
wv3:L03-C:MOB-21:020,ordinary,MOB-21,v3_stonebreaker_troll,L03,L03-C,surface,39,-330,-297,115.681,-330,297,1.05,false
wv3:L03-C:MOB-21:021,ordinary,MOB-21,v3_stonebreaker_troll,L03,L03-C,surface,39,-333,-297,117.281,-333,297,1.05,false
wv3:L03-C:MOB-21:022,ordinary,MOB-21,v3_stonebreaker_troll,L03,L03-C,surface,40,-330,-300,118.074,-330,300,1.05,false
wv3:L03-C:MOB-21:023,ordinary,MOB-21,v3_stonebreaker_troll,L03,L03-C,surface,40,-330,-294,113.338,-330,294,1.05,false
wv3:L03-C:MOB-21:024,ordinary,MOB-21,v3_stonebreaker_troll,L03,L03-C,surface,40,-327,-297,114.158,-327,297,1.05,false
wv3:L03-C:MOB-22:000,ordinary,MOB-22,night_zombie,L03,L03-C,surface,35,-276,-330,115.276,-276,330,0.46,false
wv3:L03-C:MOB-22:001,ordinary,MOB-22,night_zombie,L03,L03-C,surface,35,-273,-330,114.167,-273,330,0.46,false
wv3:L03-C:MOB-22:002,ordinary,MOB-22,night_zombie,L03,L03-C,surface,35,-276,-327,113.43,-276,327,0.46,false
wv3:L03-C:MOB-22:003,ordinary,MOB-22,night_zombie,L03,L03-C,surface,35,-276,-333,117.326,-276,333,0.46,false
wv3:L03-C:MOB-22:004,ordinary,MOB-22,night_zombie,L03,L03-C,surface,35,-279,-330,116.499,-279,330,0.46,false
wv3:L03-C:MOB-22:005,ordinary,MOB-22,night_zombie,L03,L03-C,surface,36,-261,-342,112.753,-261,342,0.46,false
wv3:L03-C:MOB-22:006,ordinary,MOB-22,night_zombie,L03,L03-C,surface,36,-264,-342,114.288,-264,342,0.46,false
wv3:L03-C:MOB-22:007,ordinary,MOB-22,night_zombie,L03,L03-C,surface,36,-261,-339,112.693,-261,339,0.46,false
wv3:L03-C:MOB-22:008,ordinary,MOB-22,night_zombie,L03,L03-C,surface,36,-261,-345,112.809,-261,345,0.46,false
wv3:L03-C:MOB-22:009,ordinary,MOB-22,night_zombie,L03,L03-C,surface,37,-258,-342,111.688,-258,342,0.46,false
wv3:L03-C:MOB-22:010,ordinary,MOB-22,night_zombie,L03,L03-C,surface,37,-288,-315,110.752,-288,315,0.46,false
wv3:L03-C:MOB-22:011,ordinary,MOB-22,night_zombie,L03,L03-C,surface,37,-288,-318,112.355,-288,318,0.46,false
wv3:L03-C:MOB-22:012,ordinary,MOB-22,night_zombie,L03,L03-C,surface,37,-285,-315,110.039,-285,315,0.46,false
wv3:L03-C:MOB-22:013,ordinary,MOB-22,night_zombie,L03,L03-C,surface,38,-291,-315,111.712,-291,315,0.46,false
wv3:L03-C:MOB-22:014,ordinary,MOB-22,night_zombie,L03,L03-C,surface,38,-285,-318,111.378,-285,318,0.46,false
wv3:L03-C:MOB-22:015,ordinary,MOB-22,night_zombie,L03,L03-C,surface,38,-291,-342,131.443,-291,342,0.46,false
wv3:L03-C:MOB-22:016,ordinary,MOB-22,night_zombie,L03,L03-C,surface,38,-288,-342,130.112,-288,342,0.46,false
wv3:L03-C:MOB-22:017,ordinary,MOB-22,night_zombie,L03,L03-C,surface,38,-291,-339,129.132,-291,339,0.46,false
wv3:L03-C:MOB-22:018,ordinary,MOB-22,night_zombie,L03,L03-C,surface,39,-294,-342,132.892,-294,342,0.46,false
wv3:L03-C:MOB-22:019,ordinary,MOB-22,night_zombie,L03,L03-C,surface,39,-288,-339,127.624,-288,339,0.46,false
wv3:L03-C:MOB-22:020,ordinary,MOB-22,night_zombie,L03,L03-C,surface,39,-267,-309,109.222,-267,309,0.46,false
wv3:L03-C:MOB-22:021,ordinary,MOB-22,night_zombie,L03,L03-C,surface,39,-264,-309,109.649,-264,309,0.46,false
wv3:L03-C:MOB-22:022,ordinary,MOB-22,night_zombie,L03,L03-C,surface,40,-270,-306,109.139,-270,306,0.46,false
wv3:L03-C:MOB-22:023,ordinary,MOB-22,night_zombie,L03,L03-C,surface,40,-264,-306,110.568,-264,306,0.46,false
wv3:L03-C:MOB-22:024,ordinary,MOB-22,night_zombie,L03,L03-C,surface,40,-261,-309,110.399,-261,309,0.46,false
wv3:L03-C:MOB-22:025,ordinary,MOB-22,night_zombie,L03,L03-C,surface,40,-276,-354,123.302,-276,354,0.46,false
wv3:L03-C:MOB-22:026,ordinary,MOB-22,night_zombie,L03,L03-C,surface,41,-276,-351,123.499,-276,351,0.46,false
wv3:L03-C:MOB-22:027,ordinary,MOB-22,night_zombie,L03,L03-C,surface,41,-273,-354,120.652,-273,354,0.46,false
wv3:L03-C:MOB-22:028,ordinary,MOB-22,night_zombie,L03,L03-C,surface,41,-279,-354,126.131,-279,354,0.46,false
wv3:L03-C:MOB-22:029,ordinary,MOB-22,night_zombie,L03,L03-C,surface,41,-276,-357,123.111,-276,357,0.46,false
wv3:L03-C:MOB-25:000,ordinary,MOB-25,wraith,L03,L03-C,surface,40,-171,-345,117.709,-171,345,0.46,false
wv3:L03-C:MOB-25:001,ordinary,MOB-25,wraith,L03,L03-C,surface,40,-168,-345,117.791,-168,345,0.46,false
wv3:L03-C:MOB-25:002,ordinary,MOB-25,wraith,L03,L03-C,surface,40,-171,-342,116.285,-171,342,0.46,false
wv3:L03-C:MOB-25:003,ordinary,MOB-25,wraith,L03,L03-C,surface,40,-171,-348,119.508,-171,348,0.46,false
wv3:L03-C:MOB-25:004,ordinary,MOB-25,wraith,L03,L03-C,surface,41,-174,-345,117.627,-174,345,0.46,false
wv3:L03-C:MOB-25:005,ordinary,MOB-25,wraith,L03,L03-C,surface,41,-156,-357,127.013,-156,357,0.46,false
wv3:L03-C:MOB-25:006,ordinary,MOB-25,wraith,L03,L03-C,surface,41,-159,-357,126.936,-159,357,0.46,false
wv3:L03-C:MOB-25:007,ordinary,MOB-25,wraith,L03,L03-C,surface,41,-156,-354,124.447,-156,354,0.46,false
wv3:L03-C:MOB-25:008,ordinary,MOB-25,wraith,L03,L03-C,surface,42,-156,-360,129.663,-156,360,0.46,false
wv3:L03-C:MOB-25:009,ordinary,MOB-25,wraith,L03,L03-C,surface,42,-153,-357,127.069,-153,357,0.46,false
wv3:L03-C:MOB-25:010,ordinary,MOB-25,wraith,L03,L03-C,surface,42,-162,-327,116.41,-162,327,0.46,false
wv3:L03-C:MOB-25:011,ordinary,MOB-25,wraith,L03,L03-C,surface,43,-165,-327,116.133,-165,327,0.46,false
wv3:L03-C:MOB-25:012,ordinary,MOB-25,wraith,L03,L03-C,surface,43,-159,-327,116.72,-159,327,0.46,false
wv3:L03-C:MOB-25:013,ordinary,MOB-25,wraith,L03,L03-C,surface,43,-165,-324,117.437,-165,324,0.46,false
wv3:L03-C:MOB-25:014,ordinary,MOB-25,wraith,L03,L03-C,surface,43,-159,-324,118.212,-159,324,0.46,false
wv3:L03-C:MOB-25:015,ordinary,MOB-25,wraith,L03,L03-C,surface,44,-183,-360,128.812,-183,360,0.46,false
wv3:L03-C:MOB-25:016,ordinary,MOB-25,wraith,L03,L03-C,surface,44,-183,-357,126.23,-183,357,0.46,false
wv3:L03-C:MOB-25:017,ordinary,MOB-25,wraith,L03,L03-C,surface,44,-180,-360,128.873,-180,360,0.46,false
wv3:L03-C:MOB-25:018,ordinary,MOB-25,wraith,L03,L03-C,surface,45,-186,-360,128.769,-186,360,0.46,false
wv3:L03-C:MOB-25:019,ordinary,MOB-25,wraith,L03,L03-C,surface,45,-183,-363,131.476,-183,363,0.46,false
wv3:L03-C:MOB-25:020,ordinary,MOB-25,wraith,L03,L03-C,surface,45,-189,-336,114.086,-189,336,0.46,false
wv3:L03-C:MOB-25:021,ordinary,MOB-25,wraith,L03,L03-C,surface,45,-189,-339,114.669,-189,339,0.46,false
wv3:L03-C:MOB-25:022,ordinary,MOB-25,wraith,L03,L03-C,surface,46,-192,-336,113.92,-192,336,0.46,false
wv3:L03-C:MOB-25:023,ordinary,MOB-25,wraith,L03,L03-C,surface,46,-186,-339,114.788,-186,339,0.46,false
wv3:L03-C:MOB-25:024,ordinary,MOB-25,wraith,L03,L03-C,surface,46,-192,-339,114.543,-192,339,0.46,false
wv3:L03-C:MOB-26:000,ordinary,MOB-26,v3_corrupted_dryad,L03,L03-C,surface,42,-141,-510,158.594,-141,510,0.46,false
wv3:L03-C:MOB-26:001,ordinary,MOB-26,v3_corrupted_dryad,L03,L03-C,surface,42,-138,-510,158.677,-138,510,0.46,false
wv3:L03-C:MOB-26:002,ordinary,MOB-26,v3_corrupted_dryad,L03,L03-C,surface,42,-144,-510,158.474,-144,510,0.46,false
wv3:L03-C:MOB-26:003,ordinary,MOB-26,v3_corrupted_dryad,L03,L03-C,surface,42,-141,-513,160.98,-141,513,0.46,false
wv3:L03-C:MOB-26:004,ordinary,MOB-26,v3_corrupted_dryad,L03,L03-C,surface,42,-138,-513,161.088,-138,513,0.46,false
wv3:L03-C:MOB-26:005,ordinary,MOB-26,v3_corrupted_dryad,L03,L03-C,surface,42,-141,-489,125.625,-141,489,0.46,false
wv3:L03-C:MOB-26:006,ordinary,MOB-26,v3_corrupted_dryad,L03,L03-C,surface,43,-138,-489,125.638,-138,489,0.46,false
wv3:L03-C:MOB-26:007,ordinary,MOB-26,v3_corrupted_dryad,L03,L03-C,surface,43,-144,-489,125.61,-144,489,0.46,false
wv3:L03-C:MOB-26:008,ordinary,MOB-26,v3_corrupted_dryad,L03,L03-C,surface,43,-141,-486,122.949,-141,486,0.46,false
wv3:L03-C:MOB-26:009,ordinary,MOB-26,v3_corrupted_dryad,L03,L03-C,surface,43,-138,-486,122.952,-138,486,0.46,false
wv3:L03-C:MOB-26:010,ordinary,MOB-26,v3_corrupted_dryad,L03,L03-C,surface,43,-120,-510,159.267,-120,510,0.46,false
wv3:L03-C:MOB-26:011,ordinary,MOB-26,v3_corrupted_dryad,L03,L03-C,surface,43,-123,-510,159.084,-123,510,0.46,false
wv3:L03-C:MOB-26:012,ordinary,MOB-26,v3_corrupted_dryad,L03,L03-C,surface,44,-120,-513,161.998,-120,513,0.46,false
wv3:L03-C:MOB-26:013,ordinary,MOB-26,v3_corrupted_dryad,L03,L03-C,surface,44,-117,-510,159.505,-117,510,0.46,false
wv3:L03-C:MOB-26:014,ordinary,MOB-26,v3_corrupted_dryad,L03,L03-C,surface,44,-123,-513,161.738,-123,513,0.46,false
wv3:L03-C:MOB-26:015,ordinary,MOB-26,v3_corrupted_dryad,L03,L03-C,surface,44,-162,-510,156.563,-162,510,0.46,false
wv3:L03-C:MOB-26:016,ordinary,MOB-26,v3_corrupted_dryad,L03,L03-C,surface,44,-159,-510,156.995,-159,510,0.46,false
wv3:L03-C:MOB-26:017,ordinary,MOB-26,v3_corrupted_dryad,L03,L03-C,surface,44,-162,-513,158.773,-162,513,0.46,false
wv3:L03-C:MOB-26:018,ordinary,MOB-26,v3_corrupted_dryad,L03,L03-C,surface,45,-165,-510,156.122,-165,510,0.46,false
wv3:L03-C:MOB-26:019,ordinary,MOB-26,v3_corrupted_dryad,L03,L03-C,surface,45,-159,-513,159.248,-159,513,0.46,false
wv3:L03-C:MOB-26:020,ordinary,MOB-26,v3_corrupted_dryad,L03,L03-C,surface,45,-162,-489,125.486,-162,489,0.46,false
wv3:L03-C:MOB-26:021,ordinary,MOB-26,v3_corrupted_dryad,L03,L03-C,surface,45,-159,-489,125.5,-159,489,0.46,false
wv3:L03-C:MOB-26:022,ordinary,MOB-26,v3_corrupted_dryad,L03,L03-C,surface,45,-162,-486,122.916,-162,486,0.46,false
wv3:L03-C:MOB-26:023,ordinary,MOB-26,v3_corrupted_dryad,L03,L03-C,surface,46,-165,-489,125.475,-165,489,0.46,false
wv3:L03-C:MOB-26:024,ordinary,MOB-26,v3_corrupted_dryad,L03,L03-C,surface,46,-165,-486,122.915,-165,486,0.46,false
wv3:L03-C:MOB-26:025,ordinary,MOB-26,v3_corrupted_dryad,L03,L03-C,surface,46,-132,-528,158.913,-132,528,0.46,false
wv3:L03-C:MOB-26:026,ordinary,MOB-26,v3_corrupted_dryad,L03,L03-C,surface,46,-132,-525,159.969,-132,525,0.46,false
wv3:L03-C:MOB-26:027,ordinary,MOB-26,v3_corrupted_dryad,L03,L03-C,surface,46,-135,-528,158.553,-135,528,0.46,false
wv3:L03-C:MOB-26:028,ordinary,MOB-26,v3_corrupted_dryad,L03,L03-C,surface,46,-129,-528,159.334,-129,528,0.46,false
wv3:L03-C:MOB-26:029,ordinary,MOB-26,v3_corrupted_dryad,L03,L03-C,surface,47,-132,-531,157.808,-132,531,0.46,false
wv3:L03-C:MOB-26:030,ordinary,MOB-26,v3_corrupted_dryad,L03,L03-C,surface,47,-132,-471,123.678,-132,471,0.46,false
wv3:L03-C:MOB-26:031,ordinary,MOB-26,v3_corrupted_dryad,L03,L03-C,surface,47,-132,-474,123.678,-132,474,0.46,false
wv3:L03-C:MOB-26:032,ordinary,MOB-26,v3_corrupted_dryad,L03,L03-C,surface,47,-135,-471,122.217,-135,471,0.46,false
wv3:L03-C:MOB-26:033,ordinary,MOB-26,v3_corrupted_dryad,L03,L03-C,surface,47,-132,-468,123.676,-132,468,0.46,false
wv3:L03-C:MOB-26:034,ordinary,MOB-26,v3_corrupted_dryad,L03,L03-C,surface,47,-135,-468,122.217,-135,468,0.46,false
wv3:L03-C:MOB-26:035,ordinary,MOB-26,v3_corrupted_dryad,L03,L03-C,surface,48,-153,-528,156.971,-153,528,0.46,false
wv3:L03-C:MOB-26:036,ordinary,MOB-26,v3_corrupted_dryad,L03,L03-C,surface,48,-153,-525,158.194,-153,525,0.46,false
wv3:L03-C:MOB-26:037,ordinary,MOB-26,v3_corrupted_dryad,L03,L03-C,surface,48,-150,-528,157.249,-150,528,0.46,false
wv3:L03-C:MOB-26:038,ordinary,MOB-26,v3_corrupted_dryad,L03,L03-C,surface,48,-156,-528,156.656,-156,528,0.46,false
wv3:L03-C:MOB-26:039,ordinary,MOB-26,v3_corrupted_dryad,L03,L03-C,surface,48,-153,-531,155.698,-153,531,0.46,false
wv3:L03-C:MOB-27:000,ordinary,MOB-27,v3_root_crawler,L03,L03-C,surface,43,-240,-510,163.551,-240,510,0.46,false
wv3:L03-C:MOB-27:001,ordinary,MOB-27,v3_root_crawler,L03,L03-C,surface,43,-240,-507,163.981,-240,507,0.46,false
wv3:L03-C:MOB-27:002,ordinary,MOB-27,v3_root_crawler,L03,L03-C,surface,43,-240,-513,163.161,-240,513,0.46,false
wv3:L03-C:MOB-27:003,ordinary,MOB-27,v3_root_crawler,L03,L03-C,surface,43,-237,-510,162.295,-237,510,0.46,false
wv3:L03-C:MOB-27:004,ordinary,MOB-27,v3_root_crawler,L03,L03-C,surface,43,-243,-507,164.845,-243,507,0.46,false
wv3:L03-C:MOB-27:005,ordinary,MOB-27,v3_root_crawler,L03,L03-C,surface,43,-255,-498,169.35,-255,498,0.46,false
wv3:L03-C:MOB-27:006,ordinary,MOB-27,v3_root_crawler,L03,L03-C,surface,44,-252,-498,168.637,-252,498,0.46,false
wv3:L03-C:MOB-27:007,ordinary,MOB-27,v3_root_crawler,L03,L03-C,surface,44,-255,-501,169.085,-255,501,0.46,false
wv3:L03-C:MOB-27:008,ordinary,MOB-27,v3_root_crawler,L03,L03-C,surface,44,-255,-495,169.625,-255,495,0.46,false
wv3:L03-C:MOB-27:009,ordinary,MOB-27,v3_root_crawler,L03,L03-C,surface,44,-258,-498,170.007,-258,498,0.46,false
wv3:L03-C:MOB-27:010,ordinary,MOB-27,v3_root_crawler,L03,L03-C,surface,44,-255,-522,166.815,-255,522,0.46,false
wv3:L03-C:MOB-27:011,ordinary,MOB-27,v3_root_crawler,L03,L03-C,surface,44,-252,-522,165.824,-252,522,0.46,false
wv3:L03-C:MOB-27:012,ordinary,MOB-27,v3_root_crawler,L03,L03-C,surface,45,-255,-519,167.196,-255,519,0.46,false
wv3:L03-C:MOB-27:013,ordinary,MOB-27,v3_root_crawler,L03,L03-C,surface,45,-255,-525,166.4,-255,525,0.46,false
wv3:L03-C:MOB-27:014,ordinary,MOB-27,v3_root_crawler,L03,L03-C,surface,45,-258,-522,167.791,-258,522,0.46,false
wv3:L03-C:MOB-27:015,ordinary,MOB-27,v3_root_crawler,L03,L03-C,surface,45,-228,-525,159.231,-228,525,0.46,false
wv3:L03-C:MOB-27:016,ordinary,MOB-27,v3_root_crawler,L03,L03-C,surface,45,-228,-522,159.521,-228,522,0.46,false
wv3:L03-C:MOB-27:017,ordinary,MOB-27,v3_root_crawler,L03,L03-C,surface,45,-231,-525,159.839,-231,525,0.46,false
wv3:L03-C:MOB-27:018,ordinary,MOB-27,v3_root_crawler,L03,L03-C,surface,46,-225,-525,158.646,-225,525,0.46,false
wv3:L03-C:MOB-27:019,ordinary,MOB-27,v3_root_crawler,L03,L03-C,surface,46,-228,-528,158.95,-228,528,0.46,false
wv3:L03-C:MOB-27:020,ordinary,MOB-27,v3_root_crawler,L03,L03-C,surface,46,-237,-489,166.049,-237,489,0.46,false
wv3:L03-C:MOB-27:021,ordinary,MOB-27,v3_root_crawler,L03,L03-C,surface,46,-237,-492,165.431,-237,492,0.46,false
wv3:L03-C:MOB-27:022,ordinary,MOB-27,v3_root_crawler,L03,L03-C,surface,46,-240,-489,167.198,-240,489,0.46,false
wv3:L03-C:MOB-27:023,ordinary,MOB-27,v3_root_crawler,L03,L03-C,surface,47,-234,-489,163.514,-234,489,0.46,false
wv3:L03-C:MOB-27:024,ordinary,MOB-27,v3_root_crawler,L03,L03-C,surface,47,-237,-486,166.357,-237,486,0.46,false
wv3:L03-C:MOB-27:025,ordinary,MOB-27,v3_root_crawler,L03,L03-C,surface,47,-216,-510,154.553,-216,510,0.46,false
wv3:L03-C:MOB-27:026,ordinary,MOB-27,v3_root_crawler,L03,L03-C,surface,47,-219,-510,154.803,-219,510,0.46,false
wv3:L03-C:MOB-27:027,ordinary,MOB-27,v3_root_crawler,L03,L03-C,surface,47,-216,-513,156.852,-216,513,0.46,false
wv3:L03-C:MOB-27:028,ordinary,MOB-27,v3_root_crawler,L03,L03-C,surface,47,-213,-510,154.313,-213,510,0.46,false
wv3:L03-C:MOB-27:029,ordinary,MOB-27,v3_root_crawler,L03,L03-C,surface,48,-219,-513,157.188,-219,513,0.46,false
wv3:L03-C:MOB-27:030,ordinary,MOB-27,v3_root_crawler,L03,L03-C,surface,48,-243,-537,161.419,-243,537,0.46,false
wv3:L03-C:MOB-27:031,ordinary,MOB-27,v3_root_crawler,L03,L03-C,surface,48,-243,-534,161.766,-243,534,0.46,false
wv3:L03-C:MOB-27:032,ordinary,MOB-27,v3_root_crawler,L03,L03-C,surface,48,-246,-537,162.117,-246,537,0.46,false
wv3:L03-C:MOB-27:033,ordinary,MOB-27,v3_root_crawler,L03,L03-C,surface,48,-243,-540,161.056,-243,540,0.46,false
wv3:L03-C:MOB-27:034,ordinary,MOB-27,v3_root_crawler,L03,L03-C,surface,48,-240,-534,161.059,-240,534,0.46,false
wv3:L03-C:MOB-27:035,ordinary,MOB-27,v3_root_crawler,L03,L03-C,surface,49,-270,-510,171.865,-270,510,0.46,false
wv3:L03-C:MOB-27:036,ordinary,MOB-27,v3_root_crawler,L03,L03-C,surface,49,-267,-510,171.306,-267,510,0.46,false
wv3:L03-C:MOB-27:037,ordinary,MOB-27,v3_root_crawler,L03,L03-C,surface,49,-270,-507,171.938,-270,507,0.46,false
wv3:L03-C:MOB-27:038,ordinary,MOB-27,v3_root_crawler,L03,L03-C,surface,49,-270,-513,171.74,-270,513,0.46,false
wv3:L03-C:MOB-27:039,ordinary,MOB-27,v3_root_crawler,L03,L03-C,surface,49,-267,-507,171.419,-267,507,0.46,false
wv3:L04-A:MOB-31:000,ordinary,MOB-31,v3_harpy,L04,L04-A,surface,50,-633,-279,129.641,-633,279,0.46,false
wv3:L04-A:MOB-31:001,ordinary,MOB-31,v3_harpy,L04,L04-A,surface,50,-630,-279,130.973,-630,279,0.46,false
wv3:L04-A:MOB-31:002,ordinary,MOB-31,v3_harpy,L04,L04-A,surface,50,-633,-276,127.307,-633,276,0.46,false
wv3:L04-A:MOB-31:003,ordinary,MOB-31,v3_harpy,L04,L04-A,surface,50,-633,-282,132.027,-633,282,0.46,false
wv3:L04-A:MOB-31:004,ordinary,MOB-31,v3_harpy,L04,L04-A,surface,50,-636,-279,128.263,-636,279,0.46,false
wv3:L04-A:MOB-31:005,ordinary,MOB-31,v3_harpy,L04,L04-A,surface,51,-618,-267,126.894,-618,267,0.46,false
wv3:L04-A:MOB-31:006,ordinary,MOB-31,v3_harpy,L04,L04-A,surface,51,-621,-267,125.724,-621,267,0.46,false
wv3:L04-A:MOB-31:007,ordinary,MOB-31,v3_harpy,L04,L04-A,surface,51,-618,-270,129.051,-618,270,0.46,false
wv3:L04-A:MOB-31:008,ordinary,MOB-31,v3_harpy,L04,L04-A,surface,51,-618,-264,124.699,-618,264,0.46,false
wv3:L04-A:MOB-31:009,ordinary,MOB-31,v3_harpy,L04,L04-A,surface,52,-615,-267,127.979,-615,267,0.46,false
wv3:L04-A:MOB-31:010,ordinary,MOB-31,v3_harpy,L04,L04-A,surface,52,-645,-264,113.776,-645,264,0.46,false
wv3:L04-A:MOB-31:011,ordinary,MOB-31,v3_harpy,L04,L04-A,surface,52,-645,-267,115.842,-645,267,0.46,false
wv3:L04-A:MOB-31:012,ordinary,MOB-31,v3_harpy,L04,L04-A,surface,52,-642,-264,114.846,-642,264,0.46,false
wv3:L04-A:MOB-31:013,ordinary,MOB-31,v3_harpy,L04,L04-A,surface,53,-648,-264,112.765,-648,264,0.46,false
wv3:L04-A:MOB-31:014,ordinary,MOB-31,v3_harpy,L04,L04-A,surface,53,-645,-261,111.648,-645,261,0.46,false
wv3:L04-A:MOB-31:015,ordinary,MOB-31,v3_harpy,L04,L04-A,surface,53,-645,-294,136.844,-645,294,0.46,false
wv3:L04-A:MOB-31:016,ordinary,MOB-31,v3_harpy,L04,L04-A,surface,53,-645,-291,134.164,-645,291,0.46,false
wv3:L04-A:MOB-31:017,ordinary,MOB-31,v3_harpy,L04,L04-A,surface,53,-642,-294,138.144,-642,294,0.46,false
wv3:L04-A:MOB-31:018,ordinary,MOB-31,v3_harpy,L04,L04-A,surface,54,-648,-294,135.451,-648,294,0.46,false
wv3:L04-A:MOB-31:019,ordinary,MOB-31,v3_harpy,L04,L04-A,surface,54,-645,-297,139.443,-645,297,0.46,false
wv3:L04-A:MOB-31:020,ordinary,MOB-31,v3_harpy,L04,L04-A,surface,54,-657,-279,119.744,-657,279,0.46,false
wv3:L04-A:MOB-31:021,ordinary,MOB-31,v3_harpy,L04,L04-A,surface,54,-654,-279,120.703,-654,279,0.46,false
wv3:L04-A:MOB-31:022,ordinary,MOB-31,v3_harpy,L04,L04-A,surface,55,-657,-276,117.841,-657,276,0.46,false
wv3:L04-A:MOB-31:023,ordinary,MOB-31,v3_harpy,L04,L04-A,surface,55,-657,-282,121.739,-657,282,0.46,false
wv3:L04-A:MOB-31:024,ordinary,MOB-31,v3_harpy,L04,L04-A,surface,55,-660,-279,118.896,-660,279,0.46,false
wv3:L04-A:MOB-31:025,ordinary,MOB-31,v3_harpy,L04,L04-A,surface,55,-618,-300,141.207,-618,300,0.46,false
wv3:L04-A:MOB-31:026,ordinary,MOB-31,v3_harpy,L04,L04-A,surface,56,-615,-300,140.333,-615,300,0.46,false
wv3:L04-A:MOB-31:027,ordinary,MOB-31,v3_harpy,L04,L04-A,surface,56,-618,-303,141.164,-618,303,0.46,false
wv3:L04-A:MOB-31:028,ordinary,MOB-31,v3_harpy,L04,L04-A,surface,56,-621,-303,142.119,-621,303,0.46,false
wv3:L04-A:MOB-31:029,ordinary,MOB-31,v3_harpy,L04,L04-A,surface,56,-612,-300,139.21,-612,300,0.46,false
wv3:L04-A:MOB-33:000,ordinary,MOB-33,v3_snow_leopard,L04,L04-A,surface,52,-579,-312,149.563,-579,312,0.46,false
wv3:L04-A:MOB-33:001,ordinary,MOB-33,v3_snow_leopard,L04,L04-A,surface,52,-576,-312,149.678,-576,312,0.46,false
wv3:L04-A:MOB-33:002,ordinary,MOB-33,v3_snow_leopard,L04,L04-A,surface,52,-579,-315,151.851,-579,315,0.46,false
wv3:L04-A:MOB-33:003,ordinary,MOB-33,v3_snow_leopard,L04,L04-A,surface,52,-582,-312,149.409,-582,312,0.46,false
wv3:L04-A:MOB-33:004,ordinary,MOB-33,v3_snow_leopard,L04,L04-A,surface,52,-576,-315,151.981,-576,315,0.46,false
wv3:L04-A:MOB-33:005,ordinary,MOB-33,v3_snow_leopard,L04,L04-A,surface,53,-564,-300,112.532,-564,300,0.46,false
wv3:L04-A:MOB-33:006,ordinary,MOB-33,v3_snow_leopard,L04,L04-A,surface,53,-564,-297,110.918,-564,297,0.46,false
wv3:L04-A:MOB-33:007,ordinary,MOB-33,v3_snow_leopard,L04,L04-A,surface,53,-561,-300,113.718,-561,300,0.46,false
wv3:L04-A:MOB-33:008,ordinary,MOB-33,v3_snow_leopard,L04,L04-A,surface,53,-567,-303,113.019,-567,303,0.46,false
wv3:L04-A:MOB-33:009,ordinary,MOB-33,v3_snow_leopard,L04,L04-A,surface,53,-561,-297,111.865,-561,297,0.46,false
wv3:L04-A:MOB-33:010,ordinary,MOB-33,v3_snow_leopard,L04,L04-A,surface,54,-564,-324,159.001,-564,324,0.46,false
wv3:L04-A:MOB-33:011,ordinary,MOB-33,v3_snow_leopard,L04,L04-A,surface,54,-567,-324,158.914,-567,324,0.46,false
wv3:L04-A:MOB-33:012,ordinary,MOB-33,v3_snow_leopard,L04,L04-A,surface,54,-564,-321,156.831,-564,321,0.46,false
wv3:L04-A:MOB-33:013,ordinary,MOB-33,v3_snow_leopard,L04,L04-A,surface,54,-564,-327,161.013,-564,327,0.46,false
wv3:L04-A:MOB-33:014,ordinary,MOB-33,v3_snow_leopard,L04,L04-A,surface,54,-561,-324,159.128,-561,324,0.46,false
wv3:L04-A:MOB-33:015,ordinary,MOB-33,v3_snow_leopard,L04,L04-A,surface,55,-591,-297,127.708,-591,297,0.46,false
wv3:L04-A:MOB-33:016,ordinary,MOB-33,v3_snow_leopard,L04,L04-A,surface,55,-591,-300,125.739,-591,300,0.46,false
wv3:L04-A:MOB-33:017,ordinary,MOB-33,v3_snow_leopard,L04,L04-A,surface,55,-588,-297,125.525,-588,297,0.46,false
wv3:L04-A:MOB-33:018,ordinary,MOB-33,v3_snow_leopard,L04,L04-A,surface,55,-594,-297,129.82,-594,297,0.46,false
wv3:L04-A:MOB-33:019,ordinary,MOB-33,v3_snow_leopard,L04,L04-A,surface,55,-591,-294,129.488,-591,294,0.46,false
wv3:L04-A:MOB-33:020,ordinary,MOB-33,v3_snow_leopard,L04,L04-A,surface,56,-591,-327,159.539,-591,327,0.46,false
wv3:L04-A:MOB-33:021,ordinary,MOB-33,v3_snow_leopard,L04,L04-A,surface,56,-591,-324,157.937,-591,324,0.46,false
wv3:L04-A:MOB-33:022,ordinary,MOB-33,v3_snow_leopard,L04,L04-A,surface,56,-588,-327,159.756,-588,327,0.46,false
wv3:L04-A:MOB-33:023,ordinary,MOB-33,v3_snow_leopard,L04,L04-A,surface,56,-594,-327,159.329,-594,327,0.46,false
wv3:L04-A:MOB-33:024,ordinary,MOB-33,v3_snow_leopard,L04,L04-A,surface,56,-591,-330,160.807,-591,330,0.46,false
wv3:L04-A:MOB-33:025,ordinary,MOB-33,v3_snow_leopard,L04,L04-A,surface,57,-576,-285,124.182,-576,285,0.46,false
wv3:L04-A:MOB-33:026,ordinary,MOB-33,v3_snow_leopard,L04,L04-A,surface,57,-576,-288,122.405,-576,288,0.46,false
wv3:L04-A:MOB-33:027,ordinary,MOB-33,v3_snow_leopard,L04,L04-A,surface,57,-579,-285,126.253,-579,285,0.46,false
wv3:L04-A:MOB-33:028,ordinary,MOB-33,v3_snow_leopard,L04,L04-A,surface,57,-573,-285,121.94,-573,285,0.46,false
wv3:L04-A:MOB-33:029,ordinary,MOB-33,v3_snow_leopard,L04,L04-A,surface,57,-576,-282,125.773,-576,282,0.46,false
wv3:L04-A:MOB-33:030,ordinary,MOB-33,v3_snow_leopard,L04,L04-A,surface,58,-549,-312,150.891,-549,312,0.46,false
wv3:L04-A:MOB-33:031,ordinary,MOB-33,v3_snow_leopard,L04,L04-A,surface,58,-552,-312,150.588,-552,312,0.46,false
wv3:L04-A:MOB-33:032,ordinary,MOB-33,v3_snow_leopard,L04,L04-A,surface,58,-549,-309,148.153,-549,309,0.46,false
wv3:L04-A:MOB-33:033,ordinary,MOB-33,v3_snow_leopard,L04,L04-A,surface,58,-549,-315,153.405,-549,315,0.46,false
wv3:L04-A:MOB-33:034,ordinary,MOB-33,v3_snow_leopard,L04,L04-A,surface,58,-546,-312,151.172,-546,312,0.46,false
wv3:L04-B:MOB-34:000,ordinary,MOB-34,v3_yeti,L04,L04-B,surface,55,-654,-417,192.012,-654,417,1.05,false
wv3:L04-B:MOB-34:001,ordinary,MOB-34,v3_yeti,L04,L04-B,surface,55,-651,-417,193.763,-651,417,1.05,false
wv3:L04-B:MOB-34:002,ordinary,MOB-34,v3_yeti,L04,L04-B,surface,55,-657,-417,190.387,-657,417,1.05,false
wv3:L04-B:MOB-34:003,ordinary,MOB-34,v3_yeti,L04,L04-B,surface,55,-648,-417,195.58,-648,417,1.05,false
wv3:L04-B:MOB-34:004,ordinary,MOB-34,v3_yeti,L04,L04-B,surface,55,-660,-417,188.84,-660,417,1.05,false
wv3:L04-B:MOB-34:005,ordinary,MOB-34,v3_yeti,L04,L04-B,surface,55,-633,-426,206.494,-633,426,1.05,false
wv3:L04-B:MOB-34:006,ordinary,MOB-34,v3_yeti,L04,L04-B,surface,56,-633,-429,206.232,-633,429,1.05,false
wv3:L04-B:MOB-34:007,ordinary,MOB-34,v3_yeti,L04,L04-B,surface,56,-630,-426,207.14,-630,426,1.05,false
wv3:L04-B:MOB-34:008,ordinary,MOB-34,v3_yeti,L04,L04-B,surface,56,-630,-423,206.884,-630,423,1.05,false
wv3:L04-B:MOB-34:009,ordinary,MOB-34,v3_yeti,L04,L04-B,surface,56,-630,-429,207.036,-630,429,1.05,false
wv3:L04-B:MOB-34:010,ordinary,MOB-34,v3_yeti,L04,L04-B,surface,56,-639,-405,193.305,-639,405,1.05,false
wv3:L04-B:MOB-34:011,ordinary,MOB-34,v3_yeti,L04,L04-B,surface,56,-639,-408,195.533,-639,408,1.05,false
wv3:L04-B:MOB-34:012,ordinary,MOB-34,v3_yeti,L04,L04-B,surface,57,-642,-405,191.576,-642,405,1.05,false
wv3:L04-B:MOB-34:013,ordinary,MOB-34,v3_yeti,L04,L04-B,surface,57,-636,-405,194.865,-636,405,1.05,false
wv3:L04-B:MOB-34:014,ordinary,MOB-34,v3_yeti,L04,L04-B,surface,57,-639,-402,190.946,-639,402,1.05,false
wv3:L04-B:MOB-34:015,ordinary,MOB-34,v3_yeti,L04,L04-B,surface,57,-669,-450,206.066,-669,450,1.05,false
wv3:L04-B:MOB-34:016,ordinary,MOB-34,v3_yeti,L04,L04-B,surface,57,-672,-450,204.271,-672,450,1.05,false
wv3:L04-B:MOB-34:017,ordinary,MOB-34,v3_yeti,L04,L04-B,surface,57,-669,-453,208.356,-669,453,1.05,false
wv3:L04-B:MOB-34:018,ordinary,MOB-34,v3_yeti,L04,L04-B,surface,58,-672,-453,206.407,-672,453,1.05,false
wv3:L04-B:MOB-34:019,ordinary,MOB-34,v3_yeti,L04,L04-B,surface,58,-675,-450,202.144,-675,450,1.05,false
wv3:L04-B:MOB-34:020,ordinary,MOB-34,v3_yeti,L04,L04-B,surface,58,-624,-444,210.054,-624,444,1.05,false
wv3:L04-B:MOB-34:021,ordinary,MOB-34,v3_yeti,L04,L04-B,surface,58,-627,-444,209.919,-627,444,1.05,false
wv3:L04-B:MOB-34:022,ordinary,MOB-34,v3_yeti,L04,L04-B,surface,58,-624,-441,208.004,-624,441,1.05,false
wv3:L04-B:MOB-34:023,ordinary,MOB-34,v3_yeti,L04,L04-B,surface,59,-621,-444,210.077,-621,444,1.05,false
wv3:L04-B:MOB-34:024,ordinary,MOB-34,v3_yeti,L04,L04-B,surface,59,-627,-441,207.489,-627,441,1.05,false
wv3:L04-B:MOB-34:025,ordinary,MOB-34,v3_yeti,L04,L04-B,surface,59,-618,-414,204.598,-618,414,1.05,false
wv3:L04-B:MOB-34:026,ordinary,MOB-34,v3_yeti,L04,L04-B,surface,59,-621,-414,204.605,-621,414,1.05,false
wv3:L04-B:MOB-34:027,ordinary,MOB-34,v3_yeti,L04,L04-B,surface,59,-618,-417,205.406,-618,417,1.05,false
wv3:L04-B:MOB-34:028,ordinary,MOB-34,v3_yeti,L04,L04-B,surface,59,-618,-411,203.167,-618,411,1.05,false
wv3:L04-B:MOB-34:029,ordinary,MOB-34,v3_yeti,L04,L04-B,surface,60,-615,-414,204.464,-615,414,1.05,false
wv3:L04-B:MOB-34:030,ordinary,MOB-34,v3_yeti,L04,L04-B,surface,60,-654,-465,226.615,-654,465,1.05,false
wv3:L04-B:MOB-34:031,ordinary,MOB-34,v3_yeti,L04,L04-B,surface,60,-651,-465,228.077,-651,465,1.05,false
wv3:L04-B:MOB-34:032,ordinary,MOB-34,v3_yeti,L04,L04-B,surface,60,-657,-465,224.969,-657,465,1.05,false
wv3:L04-B:MOB-34:033,ordinary,MOB-34,v3_yeti,L04,L04-B,surface,60,-654,-468,228.987,-654,468,1.05,false
wv3:L04-B:MOB-34:034,ordinary,MOB-34,v3_yeti,L04,L04-B,surface,60,-648,-465,229.458,-648,465,1.05,false
wv3:L04-B:MOB-34:035,ordinary,MOB-34,v3_yeti,L04,L04-B,surface,61,-693,-405,157.931,-693,405,1.05,false
wv3:L04-B:MOB-34:036,ordinary,MOB-34,v3_yeti,L04,L04-B,surface,61,-693,-402,154.59,-693,402,1.05,false
wv3:L04-B:MOB-34:037,ordinary,MOB-34,v3_yeti,L04,L04-B,surface,61,-696,-405,156.65,-696,405,1.05,false
wv3:L04-B:MOB-34:038,ordinary,MOB-34,v3_yeti,L04,L04-B,surface,61,-696,-408,159.99,-696,408,1.05,false
wv3:L04-B:MOB-34:039,ordinary,MOB-34,v3_yeti,L04,L04-B,surface,61,-696,-402,153.352,-696,402,1.05,false
wv3:L04-B:MOB-35:000,ordinary,MOB-35,ice_golem,L04,L04-B,surface,58,-597,-456,215.232,-597,456,1.05,false
wv3:L04-B:MOB-35:001,ordinary,MOB-35,ice_golem,L04,L04-B,surface,58,-600,-456,216.598,-600,456,1.05,false
wv3:L04-B:MOB-35:002,ordinary,MOB-35,ice_golem,L04,L04-B,surface,58,-597,-453,212.579,-597,453,1.05,false
wv3:L04-B:MOB-35:003,ordinary,MOB-35,ice_golem,L04,L04-B,surface,58,-597,-459,218.042,-597,459,1.05,false
wv3:L04-B:MOB-35:004,ordinary,MOB-35,ice_golem,L04,L04-B,surface,58,-594,-456,213.887,-594,456,1.05,false
wv3:L04-B:MOB-35:005,ordinary,MOB-35,ice_golem,L04,L04-B,surface,58,-585,-471,219.652,-585,471,1.05,false
wv3:L04-B:MOB-35:006,ordinary,MOB-35,ice_golem,L04,L04-B,surface,58,-585,-468,218.076,-585,468,1.05,false
wv3:L04-B:MOB-35:007,ordinary,MOB-35,ice_golem,L04,L04-B,surface,59,-588,-471,221.545,-588,471,1.05,false
wv3:L04-B:MOB-35:008,ordinary,MOB-35,ice_golem,L04,L04-B,surface,59,-582,-471,217.709,-582,471,1.05,false
wv3:L04-B:MOB-35:009,ordinary,MOB-35,ice_golem,L04,L04-B,surface,59,-585,-474,221.067,-585,474,1.05,false
wv3:L04-B:MOB-35:010,ordinary,MOB-35,ice_golem,L04,L04-B,surface,59,-576,-453,211.513,-576,453,1.05,false
wv3:L04-B:MOB-35:011,ordinary,MOB-35,ice_golem,L04,L04-B,surface,59,-579,-453,210.772,-579,453,1.05,false
wv3:L04-B:MOB-35:012,ordinary,MOB-35,ice_golem,L04,L04-B,surface,59,-576,-456,209.304,-576,456,1.05,false
wv3:L04-B:MOB-35:013,ordinary,MOB-35,ice_golem,L04,L04-B,surface,60,-576,-450,213.231,-576,450,1.05,false
wv3:L04-B:MOB-35:014,ordinary,MOB-35,ice_golem,L04,L04-B,surface,60,-573,-453,212.508,-573,453,1.05,false
wv3:L04-B:MOB-35:015,ordinary,MOB-35,ice_golem,L04,L04-B,surface,60,-588,-435,212.003,-588,435,1.05,false
wv3:L04-B:MOB-35:016,ordinary,MOB-35,ice_golem,L04,L04-B,surface,60,-585,-435,212.068,-585,435,1.05,false
wv3:L04-B:MOB-35:017,ordinary,MOB-35,ice_golem,L04,L04-B,surface,60,-588,-432,211.119,-588,432,1.05,false
wv3:L04-B:MOB-35:018,ordinary,MOB-35,ice_golem,L04,L04-B,surface,60,-591,-432,211.152,-591,432,1.05,false
wv3:L04-B:MOB-35:019,ordinary,MOB-35,ice_golem,L04,L04-B,surface,60,-585,-432,211.011,-585,432,1.05,false
wv3:L04-B:MOB-35:020,ordinary,MOB-35,ice_golem,L04,L04-B,surface,61,-603,-480,236.196,-603,480,1.05,false
wv3:L04-B:MOB-35:021,ordinary,MOB-35,ice_golem,L04,L04-B,surface,61,-603,-477,234.484,-603,477,1.05,false
wv3:L04-B:MOB-35:022,ordinary,MOB-35,ice_golem,L04,L04-B,surface,61,-600,-480,234.034,-600,480,1.05,false
wv3:L04-B:MOB-35:023,ordinary,MOB-35,ice_golem,L04,L04-B,surface,61,-600,-477,232.4,-600,477,1.05,false
wv3:L04-B:MOB-35:024,ordinary,MOB-35,ice_golem,L04,L04-B,surface,61,-603,-474,232.728,-603,474,1.05,false
wv3:L04-B:MOB-35:025,ordinary,MOB-35,ice_golem,L04,L04-B,surface,61,-564,-468,204.526,-564,468,1.05,false
wv3:L04-B:MOB-35:026,ordinary,MOB-35,ice_golem,L04,L04-B,surface,62,-567,-468,206.451,-567,468,1.05,false
wv3:L04-B:MOB-35:027,ordinary,MOB-35,ice_golem,L04,L04-B,surface,62,-564,-465,205.355,-564,465,1.05,false
wv3:L04-B:MOB-35:028,ordinary,MOB-35,ice_golem,L04,L04-B,surface,62,-564,-471,205.939,-564,471,1.05,false
wv3:L04-B:MOB-35:029,ordinary,MOB-35,ice_golem,L04,L04-B,surface,62,-561,-468,206.909,-561,468,1.05,false
wv3:L04-B:MOB-35:030,ordinary,MOB-35,ice_golem,L04,L04-B,surface,62,-567,-435,210.243,-567,435,1.05,false
wv3:L04-B:MOB-35:031,ordinary,MOB-35,ice_golem,L04,L04-B,surface,62,-570,-435,211.123,-570,435,1.05,false
wv3:L04-B:MOB-35:032,ordinary,MOB-35,ice_golem,L04,L04-B,surface,62,-567,-438,212.422,-567,438,1.05,false
wv3:L04-B:MOB-35:033,ordinary,MOB-35,ice_golem,L04,L04-B,surface,63,-567,-432,207.885,-567,432,1.05,false
wv3:L04-B:MOB-35:034,ordinary,MOB-35,ice_golem,L04,L04-B,surface,63,-564,-435,209.175,-564,435,1.05,false
wv3:L04-B:MOB-35:035,ordinary,MOB-35,ice_golem,L04,L04-B,surface,63,-597,-417,201.935,-597,417,1.05,false
wv3:L04-B:MOB-35:036,ordinary,MOB-35,ice_golem,L04,L04-B,surface,63,-597,-420,201.237,-597,420,1.05,false
wv3:L04-B:MOB-35:037,ordinary,MOB-35,ice_golem,L04,L04-B,surface,63,-594,-417,201.173,-594,417,1.05,false
wv3:L04-B:MOB-35:038,ordinary,MOB-35,ice_golem,L04,L04-B,surface,63,-600,-420,202.181,-600,420,1.05,false
wv3:L04-B:MOB-35:039,ordinary,MOB-35,ice_golem,L04,L04-B,surface,64,-594,-420,200.19,-594,420,1.05,false
wv3:L04-B:MOB-35:040,ordinary,MOB-35,ice_golem,L04,L04-B,surface,64,-618,-492,255.793,-618,492,1.05,false
wv3:L04-B:MOB-35:041,ordinary,MOB-35,ice_golem,L04,L04-B,surface,64,-615,-492,254.362,-615,492,1.05,false
wv3:L04-B:MOB-35:042,ordinary,MOB-35,ice_golem,L04,L04-B,surface,64,-621,-492,256.769,-621,492,1.05,false
wv3:L04-B:MOB-35:043,ordinary,MOB-35,ice_golem,L04,L04-B,surface,64,-618,-495,258.387,-618,495,1.05,false
wv3:L04-B:MOB-35:044,ordinary,MOB-35,ice_golem,L04,L04-B,surface,64,-615,-495,257.115,-615,495,1.05,false
wv3:L04-C:MOB-36:000,ordinary,MOB-36,v3_ice_worm,L04,L04-C,surface,60,-516,-585,252.048,-516,585,0.46,false
wv3:L04-C:MOB-36:001,ordinary,MOB-36,v3_ice_worm,L04,L04-C,surface,60,-513,-585,252.044,-513,585,0.46,false
wv3:L04-C:MOB-36:002,ordinary,MOB-36,v3_ice_worm,L04,L04-C,surface,60,-519,-585,252.054,-519,585,0.46,false
wv3:L04-C:MOB-36:003,ordinary,MOB-36,v3_ice_worm,L04,L04-C,surface,60,-516,-582,252,-516,582,0.46,false
wv3:L04-C:MOB-36:004,ordinary,MOB-36,v3_ice_worm,L04,L04-C,surface,60,-513,-582,252,-513,582,0.46,false
wv3:L04-C:MOB-36:005,ordinary,MOB-36,v3_ice_worm,L04,L04-C,surface,60,-537,-585,252.046,-537,585,0.46,false
wv3:L04-C:MOB-36:006,ordinary,MOB-36,v3_ice_worm,L04,L04-C,surface,60,-534,-585,252.054,-534,585,0.46,false
wv3:L04-C:MOB-36:007,ordinary,MOB-36,v3_ice_worm,L04,L04-C,surface,60,-537,-582,252,-537,582,0.46,false
wv3:L04-C:MOB-36:008,ordinary,MOB-36,v3_ice_worm,L04,L04-C,surface,61,-540,-585,252.042,-540,585,0.46,false
wv3:L04-C:MOB-36:009,ordinary,MOB-36,v3_ice_worm,L04,L04-C,surface,61,-534,-582,252,-534,582,0.46,false
wv3:L04-C:MOB-36:010,ordinary,MOB-36,v3_ice_worm,L04,L04-C,surface,61,-501,-573,251.877,-501,573,0.46,false
wv3:L04-C:MOB-36:011,ordinary,MOB-36,v3_ice_worm,L04,L04-C,surface,61,-501,-576,251.835,-501,576,0.46,false
wv3:L04-C:MOB-36:012,ordinary,MOB-36,v3_ice_worm,L04,L04-C,surface,61,-504,-573,252,-504,573,0.46,false
wv3:L04-C:MOB-36:013,ordinary,MOB-36,v3_ice_worm,L04,L04-C,surface,61,-501,-570,251.916,-501,570,0.46,false
wv3:L04-C:MOB-36:014,ordinary,MOB-36,v3_ice_worm,L04,L04-C,surface,61,-504,-576,252,-504,576,0.46,false
wv3:L04-C:MOB-36:015,ordinary,MOB-36,v3_ice_worm,L04,L04-C,surface,62,-525,-567,252,-525,567,0.46,false
wv3:L04-C:MOB-36:016,ordinary,MOB-36,v3_ice_worm,L04,L04-C,surface,62,-525,-570,252,-525,570,0.46,false
wv3:L04-C:MOB-36:017,ordinary,MOB-36,v3_ice_worm,L04,L04-C,surface,62,-522,-567,252,-522,567,0.46,false
wv3:L04-C:MOB-36:018,ordinary,MOB-36,v3_ice_worm,L04,L04-C,surface,62,-528,-567,252,-528,567,0.46,false
wv3:L04-C:MOB-36:019,ordinary,MOB-36,v3_ice_worm,L04,L04-C,surface,62,-525,-564,252,-525,564,0.46,false
wv3:L04-C:MOB-36:020,ordinary,MOB-36,v3_ice_worm,L04,L04-C,surface,62,-510,-555,252,-510,555,0.46,false
wv3:L04-C:MOB-36:021,ordinary,MOB-36,v3_ice_worm,L04,L04-C,surface,62,-510,-558,252,-510,558,0.46,false
wv3:L04-C:MOB-36:022,ordinary,MOB-36,v3_ice_worm,L04,L04-C,surface,63,-513,-555,252,-513,555,0.46,false
wv3:L04-C:MOB-36:023,ordinary,MOB-36,v3_ice_worm,L04,L04-C,surface,63,-507,-555,252,-507,555,0.46,false
wv3:L04-C:MOB-36:024,ordinary,MOB-36,v3_ice_worm,L04,L04-C,surface,63,-510,-552,252,-510,552,0.46,false
wv3:L04-C:MOB-36:025,ordinary,MOB-36,v3_ice_worm,L04,L04-C,surface,63,-546,-567,252,-546,567,0.46,false
wv3:L04-C:MOB-36:026,ordinary,MOB-36,v3_ice_worm,L04,L04-C,surface,63,-543,-567,252,-543,567,0.46,false
wv3:L04-C:MOB-36:027,ordinary,MOB-36,v3_ice_worm,L04,L04-C,surface,63,-546,-570,252,-546,570,0.46,false
wv3:L04-C:MOB-36:028,ordinary,MOB-36,v3_ice_worm,L04,L04-C,surface,63,-546,-564,252,-546,564,0.46,false
wv3:L04-C:MOB-36:029,ordinary,MOB-36,v3_ice_worm,L04,L04-C,surface,64,-549,-567,252,-549,567,0.46,false
wv3:L04-C:MOB-36:030,ordinary,MOB-36,v3_ice_worm,L04,L04-C,surface,64,-528,-546,249.247,-528,546,0.46,false
wv3:L04-C:MOB-36:031,ordinary,MOB-36,v3_ice_worm,L04,L04-C,surface,64,-528,-549,250.049,-528,549,0.46,false
wv3:L04-C:MOB-36:032,ordinary,MOB-36,v3_ice_worm,L04,L04-C,surface,64,-525,-546,249.151,-525,546,0.46,false
wv3:L04-C:MOB-36:033,ordinary,MOB-36,v3_ice_worm,L04,L04-C,surface,64,-525,-549,250.131,-525,549,0.46,false
wv3:L04-C:MOB-36:034,ordinary,MOB-36,v3_ice_worm,L04,L04-C,surface,64,-531,-549,250.271,-531,549,0.46,false
wv3:L04-C:MOB-36:035,ordinary,MOB-36,v3_ice_worm,L04,L04-C,surface,64,-540,-645,280.84,-540,645,0.46,false
wv3:L04-C:MOB-36:036,ordinary,MOB-36,v3_ice_worm,L04,L04-C,surface,65,-543,-645,282.11,-543,645,0.46,false
wv3:L04-C:MOB-36:037,ordinary,MOB-36,v3_ice_worm,L04,L04-C,surface,65,-540,-648,280.046,-540,648,0.46,false
wv3:L04-C:MOB-36:038,ordinary,MOB-36,v3_ice_worm,L04,L04-C,surface,65,-543,-648,280.983,-543,648,0.46,false
wv3:L04-C:MOB-36:039,ordinary,MOB-36,v3_ice_worm,L04,L04-C,surface,65,-540,-651,278.335,-540,651,0.46,false
wv3:L04-C:MOB-36:040,ordinary,MOB-36,v3_ice_worm,L04,L04-C,surface,65,-498,-540,254.057,-498,540,0.46,false
wv3:L04-C:MOB-36:041,ordinary,MOB-36,v3_ice_worm,L04,L04-C,surface,65,-498,-543,254.147,-498,543,0.46,false
wv3:L04-C:MOB-36:042,ordinary,MOB-36,v3_ice_worm,L04,L04-C,surface,65,-501,-540,252.258,-501,540,0.46,false
wv3:L04-C:MOB-36:043,ordinary,MOB-36,v3_ice_worm,L04,L04-C,surface,66,-495,-540,257.162,-495,540,0.46,false
wv3:L04-C:MOB-36:044,ordinary,MOB-36,v3_ice_worm,L04,L04-C,surface,66,-498,-537,253.253,-498,537,0.46,false
wv3:L04-C:MOB-36:045,ordinary,MOB-36,v3_ice_worm,L04,L04-C,surface,66,-567,-570,252,-567,570,0.46,false
wv3:L04-C:MOB-36:046,ordinary,MOB-36,v3_ice_worm,L04,L04-C,surface,66,-564,-570,252,-564,570,0.46,false
wv3:L04-C:MOB-36:047,ordinary,MOB-36,v3_ice_worm,L04,L04-C,surface,66,-567,-567,252,-567,567,0.46,false
wv3:L04-C:MOB-36:048,ordinary,MOB-36,v3_ice_worm,L04,L04-C,surface,66,-570,-570,252,-570,570,0.46,false
wv3:L04-C:MOB-36:049,ordinary,MOB-36,v3_ice_worm,L04,L04-C,surface,66,-564,-573,252,-564,573,0.46,false
wv3:L05-A:MOB-11:000,ordinary,MOB-11,v3_goblin_trapper,L05,L05-A,surface,18,-39,-357,124.042,-39,357,0.46,false
wv3:L05-A:MOB-11:001,ordinary,MOB-11,v3_goblin_trapper,L05,L05-A,surface,18,-42,-357,123.287,-42,357,0.46,false
wv3:L05-A:MOB-11:002,ordinary,MOB-11,v3_goblin_trapper,L05,L05-A,surface,18,-39,-360,122.834,-39,360,0.46,false
wv3:L05-A:MOB-11:003,ordinary,MOB-11,v3_goblin_trapper,L05,L05-A,surface,18,-39,-354,125.72,-39,354,0.46,false
wv3:L05-A:MOB-11:004,ordinary,MOB-11,v3_goblin_trapper,L05,L05-A,surface,19,-36,-357,124.843,-36,357,0.46,false
wv3:L05-A:MOB-11:005,ordinary,MOB-11,v3_goblin_trapper,L05,L05-A,surface,19,-54,-369,122.193,-54,369,0.46,false
wv3:L05-A:MOB-11:006,ordinary,MOB-11,v3_goblin_trapper,L05,L05-A,surface,19,-51,-369,122.09,-51,369,0.46,false
wv3:L05-A:MOB-11:007,ordinary,MOB-11,v3_goblin_trapper,L05,L05-A,surface,20,-54,-372,123.015,-54,372,0.46,false
wv3:L05-A:MOB-11:008,ordinary,MOB-11,v3_goblin_trapper,L05,L05-A,surface,20,-57,-369,122.448,-57,369,0.46,false
wv3:L05-A:MOB-11:009,ordinary,MOB-11,v3_goblin_trapper,L05,L05-A,surface,20,-51,-372,122.681,-51,372,0.46,false
wv3:L05-A:MOB-11:010,ordinary,MOB-11,v3_goblin_trapper,L05,L05-A,surface,21,-54,-345,126.724,-54,345,0.46,false
wv3:L05-A:MOB-11:011,ordinary,MOB-11,v3_goblin_trapper,L05,L05-A,surface,21,-51,-345,127.989,-51,345,0.46,false
wv3:L05-A:MOB-11:012,ordinary,MOB-11,v3_goblin_trapper,L05,L05-A,surface,21,-54,-348,124.55,-54,348,0.46,false
wv3:L05-A:MOB-11:013,ordinary,MOB-11,v3_goblin_trapper,L05,L05-A,surface,21,-54,-342,129.321,-54,342,0.46,false
wv3:L05-A:MOB-11:014,ordinary,MOB-11,v3_goblin_trapper,L05,L05-A,surface,22,-57,-345,125.616,-57,345,0.46,false
wv3:L05-A:MOB-11:015,ordinary,MOB-11,v3_goblin_trapper,L05,L05-A,surface,22,-24,-369,122.987,-24,369,0.46,false
wv3:L05-A:MOB-11:016,ordinary,MOB-11,v3_goblin_trapper,L05,L05-A,surface,22,-27,-369,122.743,-27,369,0.46,false
wv3:L05-A:MOB-11:017,ordinary,MOB-11,v3_goblin_trapper,L05,L05-A,surface,23,-24,-366,123.66,-24,366,0.46,false
wv3:L05-A:MOB-11:018,ordinary,MOB-11,v3_goblin_trapper,L05,L05-A,surface,23,-21,-369,123.392,-21,369,0.46,false
wv3:L05-A:MOB-11:019,ordinary,MOB-11,v3_goblin_trapper,L05,L05-A,surface,23,-27,-366,123.16,-27,366,0.46,false
wv3:L05-A:MOB-16:000,ordinary,MOB-16,bat,L05,L05-A,surface,25,15,-387,124.899,15,387,0.46,false
wv3:L05-A:MOB-16:001,ordinary,MOB-16,bat,L05,L05-A,surface,25,12,-387,124.432,12,387,0.46,false
wv3:L05-A:MOB-16:002,ordinary,MOB-16,bat,L05,L05-A,surface,25,18,-387,125.342,18,387,0.46,false
wv3:L05-A:MOB-16:003,ordinary,MOB-16,bat,L05,L05-A,surface,26,15,-384,126.395,15,384,0.46,false
wv3:L05-A:MOB-16:004,ordinary,MOB-16,bat,L05,L05-A,surface,26,18,-390,124.43,18,390,0.46,false
wv3:L05-A:MOB-16:005,ordinary,MOB-16,bat,L05,L05-A,surface,26,3,-402,125.358,3,402,0.46,false
wv3:L05-A:MOB-16:006,ordinary,MOB-16,bat,L05,L05-A,surface,27,3,-399,124.917,3,399,0.46,false
wv3:L05-A:MOB-16:007,ordinary,MOB-16,bat,L05,L05-A,surface,27,6,-402,124.602,6,402,0.46,false
wv3:L05-A:MOB-16:008,ordinary,MOB-16,bat,L05,L05-A,surface,27,3,-405,125.718,3,405,0.46,false
wv3:L05-A:MOB-16:009,ordinary,MOB-16,bat,L05,L05-A,surface,28,6,-399,124.331,6,399,0.46,false
wv3:L05-A:MOB-16:010,ordinary,MOB-16,bat,L05,L05-A,surface,28,24,-405,124.725,24,405,0.46,false
wv3:L05-A:MOB-16:011,ordinary,MOB-16,bat,L05,L05-A,surface,28,21,-405,124.679,21,405,0.46,false
wv3:L05-A:MOB-16:012,ordinary,MOB-16,bat,L05,L05-A,surface,29,27,-405,124.803,27,405,0.46,false
wv3:L05-A:MOB-16:013,ordinary,MOB-16,bat,L05,L05-A,surface,29,24,-408,124.825,24,408,0.46,false
wv3:L05-A:MOB-16:014,ordinary,MOB-16,bat,L05,L05-A,surface,29,21,-402,124.572,21,402,0.46,false
wv3:L05-A:MOB-16:015,ordinary,MOB-16,bat,L05,L05-A,surface,30,36,-390,125.466,36,390,0.46,false
wv3:L05-A:MOB-16:016,ordinary,MOB-16,bat,L05,L05-A,surface,30,33,-390,125.457,33,390,0.46,false
wv3:L05-A:MOB-16:017,ordinary,MOB-16,bat,L05,L05-A,surface,30,36,-387,128.038,36,387,0.46,false
wv3:L05-A:MOB-16:018,ordinary,MOB-16,bat,L05,L05-A,surface,31,36,-393,124.77,36,393,0.46,false
wv3:L05-A:MOB-16:019,ordinary,MOB-16,bat,L05,L05-A,surface,31,39,-390,125.346,39,390,0.46,false
wv3:L05-A:MOB-17:000,ordinary,MOB-17,miner,L05,L05-A,surface,28,69,-423,126.86,69,423,0.46,false
wv3:L05-A:MOB-17:001,ordinary,MOB-17,miner,L05,L05-A,surface,28,69,-420,126.831,69,420,0.46,false
wv3:L05-A:MOB-17:002,ordinary,MOB-17,miner,L05,L05-A,surface,28,72,-423,129.754,72,423,0.46,false
wv3:L05-A:MOB-17:003,ordinary,MOB-17,miner,L05,L05-A,surface,28,66,-423,125.127,66,423,0.46,false
wv3:L05-A:MOB-17:004,ordinary,MOB-17,miner,L05,L05-A,surface,28,69,-426,126.894,69,426,0.46,false
wv3:L05-A:MOB-17:005,ordinary,MOB-17,miner,L05,L05-A,surface,28,81,-408,121.785,81,408,0.46,false
wv3:L05-A:MOB-17:006,ordinary,MOB-17,miner,L05,L05-A,surface,29,81,-411,124.197,81,411,0.46,false
wv3:L05-A:MOB-17:007,ordinary,MOB-17,miner,L05,L05-A,surface,29,78,-408,122.344,78,408,0.46,false
wv3:L05-A:MOB-17:008,ordinary,MOB-17,miner,L05,L05-A,surface,29,84,-408,121.349,84,408,0.46,false
wv3:L05-A:MOB-17:009,ordinary,MOB-17,miner,L05,L05-A,surface,29,81,-405,120.105,81,405,0.46,false
wv3:L05-A:MOB-17:010,ordinary,MOB-17,miner,L05,L05-A,surface,29,57,-408,122.91,57,408,0.46,false
wv3:L05-A:MOB-17:011,ordinary,MOB-17,miner,L05,L05-A,surface,29,57,-411,123.735,57,411,0.46,false
wv3:L05-A:MOB-17:012,ordinary,MOB-17,miner,L05,L05-A,surface,30,60,-408,122.694,60,408,0.46,false
wv3:L05-A:MOB-17:013,ordinary,MOB-17,miner,L05,L05-A,surface,30,54,-408,123.145,54,408,0.46,false
wv3:L05-A:MOB-17:014,ordinary,MOB-17,miner,L05,L05-A,surface,30,57,-405,122.347,57,405,0.46,false
wv3:L05-A:MOB-17:015,ordinary,MOB-17,miner,L05,L05-A,surface,30,87,-432,140.982,87,432,0.46,false
wv3:L05-A:MOB-17:016,ordinary,MOB-17,miner,L05,L05-A,surface,30,84,-432,140.964,84,432,0.46,false
wv3:L05-A:MOB-17:017,ordinary,MOB-17,miner,L05,L05-A,surface,30,87,-429,139.41,87,429,0.46,false
wv3:L05-A:MOB-17:018,ordinary,MOB-17,miner,L05,L05-A,surface,31,90,-432,140.36,90,432,0.46,false
wv3:L05-A:MOB-17:019,ordinary,MOB-17,miner,L05,L05-A,surface,31,84,-429,139.512,84,429,0.46,false
wv3:L05-A:MOB-17:020,ordinary,MOB-17,miner,L05,L05-A,surface,31,54,-435,125,54,435,0.46,false
wv3:L05-A:MOB-17:021,ordinary,MOB-17,miner,L05,L05-A,surface,31,57,-435,125,57,435,0.46,false
wv3:L05-A:MOB-17:022,ordinary,MOB-17,miner,L05,L05-A,surface,31,54,-432,125,54,432,0.46,false
wv3:L05-A:MOB-17:023,ordinary,MOB-17,miner,L05,L05-A,surface,32,54,-438,125,54,438,0.46,false
wv3:L05-A:MOB-17:024,ordinary,MOB-17,miner,L05,L05-A,surface,32,51,-435,125,51,435,0.46,false
wv3:L05-A:MOB-17:025,ordinary,MOB-17,miner,L05,L05-A,surface,32,66,-450,125.819,66,450,0.46,false
wv3:L05-A:MOB-17:026,ordinary,MOB-17,miner,L05,L05-A,surface,32,66,-447,125.137,66,447,0.46,false
wv3:L05-A:MOB-17:027,ordinary,MOB-17,miner,L05,L05-A,surface,32,63,-450,125.853,63,450,0.46,false
wv3:L05-A:MOB-17:028,ordinary,MOB-17,miner,L05,L05-A,surface,32,66,-453,128.673,66,453,0.46,false
wv3:L05-A:MOB-17:029,ordinary,MOB-17,miner,L05,L05-A,surface,33,63,-447,125.018,63,447,0.46,false
wv3:L05-A:MOB-17:030,ordinary,MOB-17,miner,L05,L05-A,surface,33,69,-393,121.133,69,393,0.46,false
wv3:L05-A:MOB-17:031,ordinary,MOB-17,miner,L05,L05-A,surface,33,72,-393,120.797,72,393,0.46,false
wv3:L05-A:MOB-17:032,ordinary,MOB-17,miner,L05,L05-A,surface,33,66,-393,121.418,66,393,0.46,false
wv3:L05-A:MOB-17:033,ordinary,MOB-17,miner,L05,L05-A,surface,33,69,-390,122.502,69,390,0.46,false
wv3:L05-A:MOB-17:034,ordinary,MOB-17,miner,L05,L05-A,surface,33,72,-390,122.439,72,390,0.46,false
wv3:L05-A:MOB-17:035,ordinary,MOB-17,miner,L05,L05-A,surface,34,99,-417,129.22,99,417,0.46,false
wv3:L05-A:MOB-17:036,ordinary,MOB-17,miner,L05,L05-A,surface,34,96,-417,129.154,96,417,0.46,false
wv3:L05-A:MOB-17:037,ordinary,MOB-17,miner,L05,L05-A,surface,34,99,-420,131.95,99,420,0.46,false
wv3:L05-A:MOB-17:038,ordinary,MOB-17,miner,L05,L05-A,surface,34,99,-414,126.261,99,414,0.46,false
wv3:L05-A:MOB-17:039,ordinary,MOB-17,miner,L05,L05-A,surface,34,102,-417,129.231,102,417,0.46,false
wv3:L05-B:MOB-16:000,ordinary,MOB-16,bat,L05,L05-B,mine,25,-60,-126,-1.85,-60,126,0.46,false
wv3:L05-B:MOB-16:001,ordinary,MOB-16,bat,L05,L05-B,mine,25,-60,-123,-1.801,-60,123,0.46,false
wv3:L05-B:MOB-16:002,ordinary,MOB-16,bat,L05,L05-B,mine,26,-57,-126,-1.866,-57,126,0.46,false
wv3:L05-B:MOB-16:003,ordinary,MOB-16,bat,L05,L05-B,mine,27,-63,-126,-1.823,-63,126,0.46,false
wv3:L05-B:MOB-16:004,ordinary,MOB-16,bat,L05,L05-B,mine,27,-60,-129,-1.889,-60,129,0.46,false
wv3:L05-B:MOB-16:005,ordinary,MOB-16,bat,L05,L05-B,mine,28,-60,-114,-1.593,-60,114,0.46,false
wv3:L05-B:MOB-16:006,ordinary,MOB-16,bat,L05,L05-B,mine,29,-60,-117,-1.669,-60,117,0.46,false
wv3:L05-B:MOB-16:007,ordinary,MOB-16,bat,L05,L05-B,mine,29,-57,-114,-1.593,-57,114,0.46,false
wv3:L05-B:MOB-16:008,ordinary,MOB-16,bat,L05,L05-B,mine,30,-63,-114,-1.594,-63,114,0.46,false
wv3:L05-B:MOB-16:009,ordinary,MOB-16,bat,L05,L05-B,mine,31,-60,-111,-1.516,-60,111,0.46,false
wv3:L05-B:MOB-17:000,ordinary,MOB-17,miner,L05,L05-B,mine,28,-51,-135,-1.972,-51,135,0.46,false
wv3:L05-B:MOB-17:001,ordinary,MOB-17,miner,L05,L05-B,mine,28,-51,-132,-1.947,-51,132,0.46,false
wv3:L05-B:MOB-17:002,ordinary,MOB-17,miner,L05,L05-B,mine,28,-54,-135,-1.971,-54,135,0.46,false
wv3:L05-B:MOB-17:003,ordinary,MOB-17,miner,L05,L05-B,mine,28,-54,-138,-1.985,-54,138,0.46,false
wv3:L05-B:MOB-17:004,ordinary,MOB-17,miner,L05,L05-B,mine,28,-54,-132,-1.949,-54,132,0.46,false
wv3:L05-B:MOB-17:005,ordinary,MOB-17,miner,L05,L05-B,mine,29,-48,-123,-1.776,-48,123,0.46,false
wv3:L05-B:MOB-17:006,ordinary,MOB-17,miner,L05,L05-B,mine,29,-48,-126,-1.836,-48,126,0.46,false
wv3:L05-B:MOB-17:007,ordinary,MOB-17,miner,L05,L05-B,mine,29,-51,-123,-1.798,-51,123,0.46,false
wv3:L05-B:MOB-17:008,ordinary,MOB-17,miner,L05,L05-B,mine,29,-48,-120,-1.713,-48,120,0.46,false
wv3:L05-B:MOB-17:009,ordinary,MOB-17,miner,L05,L05-B,mine,30,-51,-126,-1.859,-51,126,0.46,false
wv3:L05-B:MOB-17:010,ordinary,MOB-17,miner,L05,L05-B,mine,30,-63,-141,-1.976,-63,141,0.46,false
wv3:L05-B:MOB-17:011,ordinary,MOB-17,miner,L05,L05-B,mine,30,-60,-141,-1.983,-60,141,0.46,false
wv3:L05-B:MOB-17:012,ordinary,MOB-17,miner,L05,L05-B,mine,30,-63,-138,-1.942,-63,138,0.46,false
wv3:L05-B:MOB-17:013,ordinary,MOB-17,miner,L05,L05-B,mine,31,-63,-144,-2.016,-63,144,0.46,false
wv3:L05-B:MOB-17:014,ordinary,MOB-17,miner,L05,L05-B,mine,31,-66,-141,-1.968,-66,141,0.46,false
wv3:L05-B:MOB-17:015,ordinary,MOB-17,miner,L05,L05-B,mine,31,-72,-132,-1.783,-72,132,0.46,false
wv3:L05-B:MOB-17:016,ordinary,MOB-17,miner,L05,L05-B,mine,31,-69,-132,-1.815,-69,132,0.46,false
wv3:L05-B:MOB-17:017,ordinary,MOB-17,miner,L05,L05-B,mine,31,-72,-129,-1.745,-72,129,0.46,false
wv3:L05-B:MOB-17:018,ordinary,MOB-17,miner,L05,L05-B,mine,32,-75,-132,-1.759,-75,132,0.46,false
wv3:L05-B:MOB-17:019,ordinary,MOB-17,miner,L05,L05-B,mine,32,-69,-135,-1.855,-69,135,0.46,false
wv3:L05-B:MOB-17:020,ordinary,MOB-17,miner,L05,L05-B,mine,32,-30,-177,-2.501,-30,177,0.46,false
wv3:L05-B:MOB-17:021,ordinary,MOB-17,miner,L05,L05-B,mine,32,-27,-177,-2.479,-27,177,0.46,false
wv3:L05-B:MOB-17:022,ordinary,MOB-17,miner,L05,L05-B,mine,33,-30,-180,-2.561,-30,180,0.46,false
wv3:L05-B:MOB-17:023,ordinary,MOB-17,miner,L05,L05-B,mine,33,-33,-180,-2.586,-33,180,0.46,false
wv3:L05-B:MOB-17:024,ordinary,MOB-17,miner,L05,L05-B,mine,33,-27,-180,-2.53,-27,180,0.46,false
wv3:L05-B:MOB-17:025,ordinary,MOB-17,miner,L05,L05-B,mine,33,-75,-144,-2.03,-75,144,0.46,false
wv3:L05-B:MOB-17:026,ordinary,MOB-17,miner,L05,L05-B,mine,34,-72,-144,-2.029,-72,144,0.46,false
wv3:L05-B:MOB-17:027,ordinary,MOB-17,miner,L05,L05-B,mine,34,-75,-141,-1.953,-75,141,0.46,false
wv3:L05-B:MOB-17:028,ordinary,MOB-17,miner,L05,L05-B,mine,34,-72,-141,-1.956,-72,141,0.46,false
wv3:L05-B:MOB-17:029,ordinary,MOB-17,miner,L05,L05-B,mine,34,-78,-141,-1.953,-78,141,0.46,false
wv3:L05-B:MOB-18:000,ordinary,MOB-18,v3_armored_scorpion,L05,L05-B,mine,29,-15,-177,-2.415,-15,177,0.46,false
wv3:L05-B:MOB-18:001,ordinary,MOB-18,v3_armored_scorpion,L05,L05-B,mine,29,-18,-177,-2.422,-18,177,0.46,false
wv3:L05-B:MOB-18:002,ordinary,MOB-18,v3_armored_scorpion,L05,L05-B,mine,29,-15,-180,-2.433,-15,180,0.46,false
wv3:L05-B:MOB-18:003,ordinary,MOB-18,v3_armored_scorpion,L05,L05-B,mine,29,-12,-180,-2.431,-12,180,0.46,false
wv3:L05-B:MOB-18:004,ordinary,MOB-18,v3_armored_scorpion,L05,L05-B,mine,30,-21,-177,-2.436,-21,177,0.46,false
wv3:L05-B:MOB-18:005,ordinary,MOB-18,v3_armored_scorpion,L05,L05-B,mine,30,-6,-186,-2.515,-6,186,0.46,false
wv3:L05-B:MOB-18:006,ordinary,MOB-18,v3_armored_scorpion,L05,L05-B,mine,30,-6,-183,-2.483,-6,183,0.46,false
wv3:L05-B:MOB-18:007,ordinary,MOB-18,v3_armored_scorpion,L05,L05-B,mine,30,-9,-186,-2.498,-9,186,0.46,false
wv3:L05-B:MOB-18:008,ordinary,MOB-18,v3_armored_scorpion,L05,L05-B,mine,31,-3,-186,-2.543,-3,186,0.46,false
wv3:L05-B:MOB-18:009,ordinary,MOB-18,v3_armored_scorpion,L05,L05-B,mine,31,-6,-189,-2.557,-6,189,0.46,false
wv3:L05-B:MOB-18:010,ordinary,MOB-18,v3_armored_scorpion,L05,L05-B,mine,31,-18,-189,-2.584,-18,189,0.46,false
wv3:L05-B:MOB-18:011,ordinary,MOB-18,v3_armored_scorpion,L05,L05-B,mine,32,-18,-186,-2.529,-18,186,0.46,false
wv3:L05-B:MOB-18:012,ordinary,MOB-18,v3_armored_scorpion,L05,L05-B,mine,32,-15,-189,-2.559,-15,189,0.46,false
wv3:L05-B:MOB-18:013,ordinary,MOB-18,v3_armored_scorpion,L05,L05-B,mine,32,-21,-189,-2.617,-21,189,0.46,false
wv3:L05-B:MOB-18:014,ordinary,MOB-18,v3_armored_scorpion,L05,L05-B,mine,32,-18,-192,-2.644,-18,192,0.46,false
wv3:L05-B:MOB-18:015,ordinary,MOB-18,v3_armored_scorpion,L05,L05-B,mine,33,-30,-189,-2.719,-30,189,0.46,false
wv3:L05-B:MOB-18:016,ordinary,MOB-18,v3_armored_scorpion,L05,L05-B,mine,33,-30,-186,-2.674,-30,186,0.46,false
wv3:L05-B:MOB-18:017,ordinary,MOB-18,v3_armored_scorpion,L05,L05-B,mine,33,-27,-189,-2.689,-27,189,0.46,false
wv3:L05-B:MOB-18:018,ordinary,MOB-18,v3_armored_scorpion,L05,L05-B,mine,34,-33,-189,-2.74,-33,189,0.46,false
wv3:L05-B:MOB-18:019,ordinary,MOB-18,v3_armored_scorpion,L05,L05-B,mine,34,-30,-192,-2.754,-30,192,0.46,false
wv3:L05-B:MOB-18:020,ordinary,MOB-18,v3_armored_scorpion,L05,L05-B,mine,34,-42,-189,-2.727,-42,189,0.46,false
wv3:L05-B:MOB-18:021,ordinary,MOB-18,v3_armored_scorpion,L05,L05-B,mine,34,-39,-189,-2.744,-39,189,0.46,false
wv3:L05-B:MOB-18:022,ordinary,MOB-18,v3_armored_scorpion,L05,L05-B,mine,35,-42,-192,-2.749,-42,192,0.46,false
wv3:L05-B:MOB-18:023,ordinary,MOB-18,v3_armored_scorpion,L05,L05-B,mine,35,-39,-186,-2.712,-39,186,0.46,false
wv3:L05-B:MOB-18:024,ordinary,MOB-18,v3_armored_scorpion,L05,L05-B,mine,35,-39,-192,-2.765,-39,192,0.46,false
wv3:L05-B:MOB-19:000,ordinary,MOB-19,v3_kobold_orethief,L05,L05-B,mine,30,-3,-198,-2.753,-3,198,0.46,false
wv3:L05-B:MOB-19:001,ordinary,MOB-19,v3_kobold_orethief,L05,L05-B,mine,30,-3,-195,-2.686,-3,195,0.46,false
wv3:L05-B:MOB-19:002,ordinary,MOB-19,v3_kobold_orethief,L05,L05-B,mine,30,-6,-198,-2.749,-6,198,0.46,false
wv3:L05-B:MOB-19:003,ordinary,MOB-19,v3_kobold_orethief,L05,L05-B,mine,30,-3,-201,-2.826,-3,201,0.46,false
wv3:L05-B:MOB-19:004,ordinary,MOB-19,v3_kobold_orethief,L05,L05-B,mine,30,-6,-195,-2.676,-6,195,0.46,false
wv3:L05-B:MOB-19:005,ordinary,MOB-19,v3_kobold_orethief,L05,L05-B,mine,31,36,-156,-2.283,36,156,0.46,false
wv3:L05-B:MOB-19:006,ordinary,MOB-19,v3_kobold_orethief,L05,L05-B,mine,31,36,-153,-2.227,36,153,0.46,false
wv3:L05-B:MOB-19:007,ordinary,MOB-19,v3_kobold_orethief,L05,L05-B,mine,31,39,-156,-2.261,39,156,0.46,false
wv3:L05-B:MOB-19:008,ordinary,MOB-19,v3_kobold_orethief,L05,L05-B,mine,31,39,-159,-2.309,39,159,0.46,false
wv3:L05-B:MOB-19:009,ordinary,MOB-19,v3_kobold_orethief,L05,L05-B,mine,31,39,-153,-2.204,39,153,0.46,false
wv3:L05-B:MOB-19:010,ordinary,MOB-19,v3_kobold_orethief,L05,L05-B,mine,32,33,-144,-2.029,33,144,0.46,false
wv3:L05-B:MOB-19:011,ordinary,MOB-19,v3_kobold_orethief,L05,L05-B,mine,32,33,-147,-2.103,33,147,0.46,false
wv3:L05-B:MOB-19:012,ordinary,MOB-19,v3_kobold_orethief,L05,L05-B,mine,32,33,-141,-1.956,33,141,0.46,false
wv3:L05-B:MOB-19:013,ordinary,MOB-19,v3_kobold_orethief,L05,L05-B,mine,32,36,-144,-2.026,36,144,0.46,false
wv3:L05-B:MOB-19:014,ordinary,MOB-19,v3_kobold_orethief,L05,L05-B,mine,32,36,-147,-2.094,36,147,0.46,false
wv3:L05-B:MOB-19:015,ordinary,MOB-19,v3_kobold_orethief,L05,L05-B,mine,33,-15,-201,-2.821,-15,201,0.46,false
wv3:L05-B:MOB-19:016,ordinary,MOB-19,v3_kobold_orethief,L05,L05-B,mine,33,-12,-201,-2.825,-12,201,0.46,false
wv3:L05-B:MOB-19:017,ordinary,MOB-19,v3_kobold_orethief,L05,L05-B,mine,33,-18,-201,-2.817,-18,201,0.46,false
wv3:L05-B:MOB-19:018,ordinary,MOB-19,v3_kobold_orethief,L05,L05-B,mine,33,-15,-204,-2.878,-15,204,0.46,false
wv3:L05-B:MOB-19:019,ordinary,MOB-19,v3_kobold_orethief,L05,L05-B,mine,33,-12,-198,-2.752,-12,198,0.46,false
wv3:L05-B:MOB-19:020,ordinary,MOB-19,v3_kobold_orethief,L05,L05-B,mine,34,45,-165,-2.336,45,165,0.46,false
wv3:L05-B:MOB-19:021,ordinary,MOB-19,v3_kobold_orethief,L05,L05-B,mine,34,45,-162,-2.293,45,162,0.46,false
wv3:L05-B:MOB-19:022,ordinary,MOB-19,v3_kobold_orethief,L05,L05-B,mine,34,48,-165,-2.311,48,165,0.46,false
wv3:L05-B:MOB-19:023,ordinary,MOB-19,v3_kobold_orethief,L05,L05-B,mine,34,42,-162,-2.324,42,162,0.46,false
wv3:L05-B:MOB-19:024,ordinary,MOB-19,v3_kobold_orethief,L05,L05-B,mine,34,48,-162,-2.26,48,162,0.46,false
wv3:L05-B:MOB-19:025,ordinary,MOB-19,v3_kobold_orethief,L05,L05-B,mine,35,48,-153,-2.103,48,153,0.46,false
wv3:L05-B:MOB-19:026,ordinary,MOB-19,v3_kobold_orethief,L05,L05-B,mine,35,45,-153,-2.138,45,153,0.46,false
wv3:L05-B:MOB-19:027,ordinary,MOB-19,v3_kobold_orethief,L05,L05-B,mine,35,48,-156,-2.152,48,156,0.46,false
wv3:L05-B:MOB-19:028,ordinary,MOB-19,v3_kobold_orethief,L05,L05-B,mine,35,48,-150,-2.062,48,150,0.46,false
wv3:L05-B:MOB-19:029,ordinary,MOB-19,v3_kobold_orethief,L05,L05-B,mine,35,51,-153,-2.073,51,153,0.46,false
wv3:L05-B:MOB-19:030,ordinary,MOB-19,v3_kobold_orethief,L05,L05-B,mine,36,-27,-201,-2.804,-27,201,0.46,false
wv3:L05-B:MOB-19:031,ordinary,MOB-19,v3_kobold_orethief,L05,L05-B,mine,36,-24,-201,-2.808,-24,201,0.46,false
wv3:L05-B:MOB-19:032,ordinary,MOB-19,v3_kobold_orethief,L05,L05-B,mine,36,-27,-198,-2.788,-27,198,0.46,false
wv3:L05-B:MOB-19:033,ordinary,MOB-19,v3_kobold_orethief,L05,L05-B,mine,36,-27,-204,-2.817,-27,204,0.46,false
wv3:L05-B:MOB-19:034,ordinary,MOB-19,v3_kobold_orethief,L05,L05-B,mine,36,-24,-198,-2.781,-24,198,0.46,false
wv3:L05-B:MOB-21:000,ordinary,MOB-21,v3_stonebreaker_troll,L05,L05-B,mine,34,57,-168,-2.319,57,168,1.05,false
wv3:L05-B:MOB-21:001,ordinary,MOB-21,v3_stonebreaker_troll,L05,L05-B,mine,34,54,-168,-2.33,54,168,1.05,false
wv3:L05-B:MOB-21:002,ordinary,MOB-21,v3_stonebreaker_troll,L05,L05-B,mine,34,57,-165,-2.248,57,165,1.05,false
wv3:L05-B:MOB-21:003,ordinary,MOB-21,v3_stonebreaker_troll,L05,L05-B,mine,35,54,-165,-2.264,54,165,1.05,false
wv3:L05-B:MOB-21:004,ordinary,MOB-21,v3_stonebreaker_troll,L05,L05-B,mine,35,60,-165,-2.24,60,165,1.05,false
wv3:L05-B:MOB-21:005,ordinary,MOB-21,v3_stonebreaker_troll,L05,L05-B,mine,35,60,-156,-2.076,60,156,1.05,false
wv3:L05-B:MOB-21:006,ordinary,MOB-21,v3_stonebreaker_troll,L05,L05-B,mine,36,57,-156,-2.077,57,156,1.05,false
wv3:L05-B:MOB-21:007,ordinary,MOB-21,v3_stonebreaker_troll,L05,L05-B,mine,36,60,-159,-2.119,60,159,1.05,false
wv3:L05-B:MOB-21:008,ordinary,MOB-21,v3_stonebreaker_troll,L05,L05-B,mine,36,60,-153,-2.047,60,153,1.05,false
wv3:L05-B:MOB-21:009,ordinary,MOB-21,v3_stonebreaker_troll,L05,L05-B,mine,37,63,-156,-2.09,63,156,1.05,false
wv3:L05-B:MOB-21:010,ordinary,MOB-21,v3_stonebreaker_troll,L05,L05-B,mine,37,45,-141,-1.984,45,141,1.05,false
wv3:L05-B:MOB-21:011,ordinary,MOB-21,v3_stonebreaker_troll,L05,L05-B,mine,37,45,-144,-2.011,45,144,1.05,false
wv3:L05-B:MOB-21:012,ordinary,MOB-21,v3_stonebreaker_troll,L05,L05-B,mine,38,42,-141,-1.976,42,141,1.05,false
wv3:L05-B:MOB-21:013,ordinary,MOB-21,v3_stonebreaker_troll,L05,L05-B,mine,38,48,-141,-1.99,48,141,1.05,false
wv3:L05-B:MOB-21:014,ordinary,MOB-21,v3_stonebreaker_troll,L05,L05-B,mine,38,45,-138,-1.962,45,138,1.05,false
wv3:L05-B:MOB-21:015,ordinary,MOB-21,v3_stonebreaker_troll,L05,L05-B,mine,39,57,-144,-2.002,57,144,1.05,false
wv3:L05-B:MOB-21:016,ordinary,MOB-21,v3_stonebreaker_troll,L05,L05-B,mine,39,57,-147,-2.009,57,147,1.05,false
wv3:L05-B:MOB-21:017,ordinary,MOB-21,v3_stonebreaker_troll,L05,L05-B,mine,39,54,-144,-2.002,54,144,1.05,false
wv3:L05-B:MOB-21:018,ordinary,MOB-21,v3_stonebreaker_troll,L05,L05-B,mine,40,60,-144,-2.004,60,144,1.05,false
wv3:L05-B:MOB-21:019,ordinary,MOB-21,v3_stonebreaker_troll,L05,L05-B,mine,40,57,-141,-1.994,57,141,1.05,false
wv3:L06-A:MOB-12:000,ordinary,MOB-12,v3_reed_mantis,L06,L06-A,surface,20,-18,-207,48.141,-18,207,0.46,false
wv3:L06-A:MOB-12:001,ordinary,MOB-12,v3_reed_mantis,L06,L06-A,surface,20,-15,-207,48.516,-15,207,0.46,false
wv3:L06-A:MOB-12:002,ordinary,MOB-12,v3_reed_mantis,L06,L06-A,surface,20,-21,-207,47.938,-21,207,0.46,false
wv3:L06-A:MOB-12:003,ordinary,MOB-12,v3_reed_mantis,L06,L06-A,surface,20,-18,-204,48.762,-18,204,0.46,false
wv3:L06-A:MOB-12:004,ordinary,MOB-12,v3_reed_mantis,L06,L06-A,surface,20,-15,-210,47.99,-15,210,0.46,false
wv3:L06-A:MOB-12:005,ordinary,MOB-12,v3_reed_mantis,L06,L06-A,surface,20,-30,-222,50.137,-30,222,0.46,false
wv3:L06-A:MOB-12:006,ordinary,MOB-12,v3_reed_mantis,L06,L06-A,surface,20,-30,-219,49.071,-30,219,0.46,false
wv3:L06-A:MOB-12:007,ordinary,MOB-12,v3_reed_mantis,L06,L06-A,surface,21,-27,-222,49.516,-27,222,0.46,false
wv3:L06-A:MOB-12:008,ordinary,MOB-12,v3_reed_mantis,L06,L06-A,surface,21,-33,-222,50.853,-33,222,0.46,false
wv3:L06-A:MOB-12:009,ordinary,MOB-12,v3_reed_mantis,L06,L06-A,surface,21,-30,-225,51.499,-30,225,0.46,false
wv3:L06-A:MOB-12:010,ordinary,MOB-12,v3_reed_mantis,L06,L06-A,surface,21,-9,-225,48.075,-9,225,0.46,false
wv3:L06-A:MOB-12:011,ordinary,MOB-12,v3_reed_mantis,L06,L06-A,surface,21,-12,-225,48.232,-12,225,0.46,false
wv3:L06-A:MOB-12:012,ordinary,MOB-12,v3_reed_mantis,L06,L06-A,surface,21,-9,-228,48.465,-9,228,0.46,false
wv3:L06-A:MOB-12:013,ordinary,MOB-12,v3_reed_mantis,L06,L06-A,surface,21,-12,-228,48.828,-12,228,0.46,false
wv3:L06-A:MOB-12:014,ordinary,MOB-12,v3_reed_mantis,L06,L06-A,surface,22,-6,-228,48.202,-6,228,0.46,false
wv3:L06-A:MOB-12:015,ordinary,MOB-12,v3_reed_mantis,L06,L06-A,surface,22,-3,-195,59.079,-3,195,0.46,false
wv3:L06-A:MOB-12:016,ordinary,MOB-12,v3_reed_mantis,L06,L06-A,surface,22,-6,-195,57.693,-6,195,0.46,false
wv3:L06-A:MOB-12:017,ordinary,MOB-12,v3_reed_mantis,L06,L06-A,surface,22,-3,-198,56.7,-3,198,0.46,false
wv3:L06-A:MOB-12:018,ordinary,MOB-12,v3_reed_mantis,L06,L06-A,surface,22,-3,-192,61.581,-3,192,0.46,false
wv3:L06-A:MOB-12:019,ordinary,MOB-12,v3_reed_mantis,L06,L06-A,surface,22,0,-195,60.481,0,195,0.46,false
wv3:L06-A:MOB-12:020,ordinary,MOB-12,v3_reed_mantis,L06,L06-A,surface,23,-33,-195,48.819,-33,195,0.46,false
wv3:L06-A:MOB-12:021,ordinary,MOB-12,v3_reed_mantis,L06,L06-A,surface,23,-30,-195,49.374,-30,195,0.46,false
wv3:L06-A:MOB-12:022,ordinary,MOB-12,v3_reed_mantis,L06,L06-A,surface,23,-33,-198,48.075,-33,198,0.46,false
wv3:L06-A:MOB-12:023,ordinary,MOB-12,v3_reed_mantis,L06,L06-A,surface,23,-33,-192,49.847,-33,192,0.46,false
wv3:L06-A:MOB-12:024,ordinary,MOB-12,v3_reed_mantis,L06,L06-A,surface,23,-36,-195,48.323,-36,195,0.46,false
wv3:L06-A:MOB-12:025,ordinary,MOB-12,v3_reed_mantis,L06,L06-A,surface,23,6,-213,50.623,6,213,0.46,false
wv3:L06-A:MOB-12:026,ordinary,MOB-12,v3_reed_mantis,L06,L06-A,surface,23,3,-213,49.924,3,213,0.46,false
wv3:L06-A:MOB-12:027,ordinary,MOB-12,v3_reed_mantis,L06,L06-A,surface,24,6,-210,52.122,6,210,0.46,false
wv3:L06-A:MOB-12:028,ordinary,MOB-12,v3_reed_mantis,L06,L06-A,surface,24,6,-216,49.416,6,216,0.46,false
wv3:L06-A:MOB-12:029,ordinary,MOB-12,v3_reed_mantis,L06,L06-A,surface,24,9,-213,51.467,9,213,0.46,false
wv3:L06-A:MOB-12:030,ordinary,MOB-12,v3_reed_mantis,L06,L06-A,surface,24,-18,-183,61.943,-18,183,0.46,false
wv3:L06-A:MOB-12:031,ordinary,MOB-12,v3_reed_mantis,L06,L06-A,surface,24,-18,-186,59.246,-18,186,0.46,false
wv3:L06-A:MOB-12:032,ordinary,MOB-12,v3_reed_mantis,L06,L06-A,surface,24,-15,-183,63.598,-15,183,0.46,false
wv3:L06-A:MOB-12:033,ordinary,MOB-12,v3_reed_mantis,L06,L06-A,surface,24,-21,-183,60.401,-21,183,0.46,false
wv3:L06-A:MOB-12:034,ordinary,MOB-12,v3_reed_mantis,L06,L06-A,surface,25,-15,-186,60.744,-15,186,0.46,false
wv3:L06-A:MOB-12:035,ordinary,MOB-12,v3_reed_mantis,L06,L06-A,surface,25,-45,-210,48.798,-45,210,0.46,false
wv3:L06-A:MOB-12:036,ordinary,MOB-12,v3_reed_mantis,L06,L06-A,surface,25,-42,-210,48.361,-42,210,0.46,false
wv3:L06-A:MOB-12:037,ordinary,MOB-12,v3_reed_mantis,L06,L06-A,surface,25,-45,-207,48.12,-45,207,0.46,false
wv3:L06-A:MOB-12:038,ordinary,MOB-12,v3_reed_mantis,L06,L06-A,surface,25,-45,-213,49.871,-45,213,0.46,false
wv3:L06-A:MOB-12:039,ordinary,MOB-12,v3_reed_mantis,L06,L06-A,surface,25,-48,-210,49.335,-48,210,0.46,false
wv3:L06-A:MOB-13:000,ordinary,MOB-13,v3_river_crab,L06,L06-A,surface,20,33,-246,48.134,33,246,0.46,false
wv3:L06-A:MOB-13:001,ordinary,MOB-13,v3_river_crab,L06,L06-A,surface,20,30,-246,48.274,30,246,0.46,false
wv3:L06-A:MOB-13:002,ordinary,MOB-13,v3_river_crab,L06,L06-A,surface,20,33,-249,48.559,33,249,0.46,false
wv3:L06-A:MOB-13:003,ordinary,MOB-13,v3_river_crab,L06,L06-A,surface,20,36,-249,48.307,36,249,0.46,false
wv3:L06-A:MOB-13:004,ordinary,MOB-13,v3_river_crab,L06,L06-A,surface,20,30,-249,48.845,30,249,0.46,false
wv3:L06-A:MOB-13:005,ordinary,MOB-13,v3_river_crab,L06,L06-A,surface,20,36,-225,52.395,36,225,0.46,false
wv3:L06-A:MOB-13:006,ordinary,MOB-13,v3_river_crab,L06,L06-A,surface,20,36,-228,50.74,36,228,0.46,false
wv3:L06-A:MOB-13:007,ordinary,MOB-13,v3_river_crab,L06,L06-A,surface,20,39,-225,53.307,39,225,0.46,false
wv3:L06-A:MOB-13:008,ordinary,MOB-13,v3_river_crab,L06,L06-A,surface,20,33,-225,51.601,33,225,0.46,false
wv3:L06-A:MOB-13:009,ordinary,MOB-13,v3_river_crab,L06,L06-A,surface,20,36,-222,54.342,36,222,0.46,false
wv3:L06-A:MOB-13:010,ordinary,MOB-13,v3_river_crab,L06,L06-A,surface,21,51,-255,48.194,51,255,0.46,false
wv3:L06-A:MOB-13:011,ordinary,MOB-13,v3_river_crab,L06,L06-A,surface,21,48,-255,48.337,48,255,0.46,false
wv3:L06-A:MOB-13:012,ordinary,MOB-13,v3_river_crab,L06,L06-A,surface,21,51,-258,48.581,51,258,0.46,false
wv3:L06-A:MOB-13:013,ordinary,MOB-13,v3_river_crab,L06,L06-A,surface,21,48,-258,48.894,48,258,0.46,false
wv3:L06-A:MOB-13:014,ordinary,MOB-13,v3_river_crab,L06,L06-A,surface,21,54,-258,48.337,54,258,0.46,false
wv3:L06-A:MOB-13:015,ordinary,MOB-13,v3_river_crab,L06,L06-A,surface,21,15,-237,48.13,15,237,0.46,false
wv3:L06-A:MOB-13:016,ordinary,MOB-13,v3_river_crab,L06,L06-A,surface,21,15,-240,48.448,15,240,0.46,false
wv3:L06-A:MOB-13:017,ordinary,MOB-13,v3_river_crab,L06,L06-A,surface,21,12,-237,48.234,12,237,0.46,false
wv3:L06-A:MOB-13:018,ordinary,MOB-13,v3_river_crab,L06,L06-A,surface,21,18,-240,48.24,18,240,0.46,false
wv3:L06-A:MOB-13:019,ordinary,MOB-13,v3_river_crab,L06,L06-A,surface,21,12,-240,48.725,12,240,0.46,false
wv3:L06-A:MOB-13:020,ordinary,MOB-13,v3_river_crab,L06,L06-A,surface,22,18,-258,55.657,18,258,0.46,false
wv3:L06-A:MOB-13:021,ordinary,MOB-13,v3_river_crab,L06,L06-A,surface,22,21,-258,54.759,21,258,0.46,false
wv3:L06-A:MOB-13:022,ordinary,MOB-13,v3_river_crab,L06,L06-A,surface,22,18,-255,53.872,18,255,0.46,false
wv3:L06-A:MOB-13:023,ordinary,MOB-13,v3_river_crab,L06,L06-A,surface,22,15,-258,56.585,15,258,0.46,false
wv3:L06-A:MOB-13:024,ordinary,MOB-13,v3_river_crab,L06,L06-A,surface,22,21,-255,53.071,21,255,0.46,false
wv3:L06-A:MOB-13:025,ordinary,MOB-13,v3_river_crab,L06,L06-A,surface,22,57,-222,65.571,57,222,0.46,false
wv3:L06-A:MOB-13:026,ordinary,MOB-13,v3_river_crab,L06,L06-A,surface,22,54,-222,64.004,54,222,0.46,false
wv3:L06-A:MOB-13:027,ordinary,MOB-13,v3_river_crab,L06,L06-A,surface,22,57,-219,66.183,57,219,0.46,false
wv3:L06-A:MOB-13:028,ordinary,MOB-13,v3_river_crab,L06,L06-A,surface,22,54,-219,66.662,54,219,0.46,false
wv3:L06-A:MOB-13:029,ordinary,MOB-13,v3_river_crab,L06,L06-A,surface,22,60,-225,64.153,60,225,0.46,false
wv3:L06-A:MOB-13:030,ordinary,MOB-13,v3_river_crab,L06,L06-A,surface,23,66,-243,51.756,66,243,0.46,false
wv3:L06-A:MOB-13:031,ordinary,MOB-13,v3_river_crab,L06,L06-A,surface,23,66,-246,49.718,66,246,0.46,false
wv3:L06-A:MOB-13:032,ordinary,MOB-13,v3_river_crab,L06,L06-A,surface,23,69,-243,53.263,69,243,0.46,false
wv3:L06-A:MOB-13:033,ordinary,MOB-13,v3_river_crab,L06,L06-A,surface,23,63,-246,49.065,63,246,0.46,false
wv3:L06-A:MOB-13:034,ordinary,MOB-13,v3_river_crab,L06,L06-A,surface,23,69,-246,50.611,69,246,0.46,false
wv3:L06-A:MOB-13:035,ordinary,MOB-13,v3_river_crab,L06,L06-A,surface,23,45,-207,71.841,45,207,0.46,false
wv3:L06-A:MOB-13:036,ordinary,MOB-13,v3_river_crab,L06,L06-A,surface,23,45,-210,69.419,45,210,0.46,false
wv3:L06-A:MOB-13:037,ordinary,MOB-13,v3_river_crab,L06,L06-A,surface,23,42,-207,70.747,42,207,0.46,false
wv3:L06-A:MOB-13:038,ordinary,MOB-13,v3_river_crab,L06,L06-A,surface,23,48,-207,72.477,48,207,0.46,false
wv3:L06-A:MOB-13:039,ordinary,MOB-13,v3_river_crab,L06,L06-A,surface,23,45,-204,72.997,45,204,0.46,false
wv3:L06-A:MOB-13:040,ordinary,MOB-13,v3_river_crab,L06,L06-A,surface,24,0,-249,55.425,0,249,0.46,false
wv3:L06-A:MOB-13:041,ordinary,MOB-13,v3_river_crab,L06,L06-A,surface,24,3,-249,54.54,3,249,0.46,false
wv3:L06-A:MOB-13:042,ordinary,MOB-13,v3_river_crab,L06,L06-A,surface,24,0,-246,53.647,0,246,0.46,false
wv3:L06-A:MOB-13:043,ordinary,MOB-13,v3_river_crab,L06,L06-A,surface,24,0,-252,57.334,0,252,0.46,false
wv3:L06-A:MOB-13:044,ordinary,MOB-13,v3_river_crab,L06,L06-A,surface,24,-3,-249,56.393,-3,249,0.46,false
wv3:L06-A:MOB-13:045,ordinary,MOB-13,v3_river_crab,L06,L06-A,surface,24,66,-267,49.003,66,267,0.46,false
wv3:L06-A:MOB-13:046,ordinary,MOB-13,v3_river_crab,L06,L06-A,surface,24,63,-267,49.428,63,267,0.46,false
wv3:L06-A:MOB-13:047,ordinary,MOB-13,v3_river_crab,L06,L06-A,surface,24,66,-264,48.375,66,264,0.46,false
wv3:L06-A:MOB-13:048,ordinary,MOB-13,v3_river_crab,L06,L06-A,surface,24,66,-270,49.896,66,270,0.46,false
wv3:L06-A:MOB-13:049,ordinary,MOB-13,v3_river_crab,L06,L06-A,surface,24,69,-267,48.69,69,267,0.46,false
wv3:L06-A:MOB-13:050,ordinary,MOB-13,v3_river_crab,L06,L06-A,surface,25,24,-204,64.338,24,204,0.46,false
wv3:L06-A:MOB-13:051,ordinary,MOB-13,v3_river_crab,L06,L06-A,surface,25,24,-207,61.645,24,207,0.46,false
wv3:L06-A:MOB-13:052,ordinary,MOB-13,v3_river_crab,L06,L06-A,surface,25,27,-204,65.825,27,204,0.46,false
wv3:L06-A:MOB-13:053,ordinary,MOB-13,v3_river_crab,L06,L06-A,surface,25,21,-204,62.87,21,204,0.46,false
wv3:L06-A:MOB-13:054,ordinary,MOB-13,v3_river_crab,L06,L06-A,surface,25,24,-201,67.114,24,201,0.46,false
wv3:L06-A:MOB-13:055,ordinary,MOB-13,v3_river_crab,L06,L06-A,surface,25,78,-228,41.604,78,228,0.46,false
wv3:L06-A:MOB-13:056,ordinary,MOB-13,v3_river_crab,L06,L06-A,surface,25,75,-228,43.623,75,228,0.46,false
wv3:L06-A:MOB-13:057,ordinary,MOB-13,v3_river_crab,L06,L06-A,surface,25,78,-231,44.116,78,231,0.46,false
wv3:L06-A:MOB-13:058,ordinary,MOB-13,v3_river_crab,L06,L06-A,surface,25,78,-225,40.648,78,225,0.46,false
wv3:L06-A:MOB-13:059,ordinary,MOB-13,v3_river_crab,L06,L06-A,surface,25,81,-228,40.826,81,228,0.46,false
wv3:L06-B:MOB-12:000,ordinary,MOB-12,v3_reed_mantis,L06,L06-B,surface,20,351,159,37.118,351,-159,0.46,false
wv3:L06-B:MOB-12:001,ordinary,MOB-12,v3_reed_mantis,L06,L06-B,surface,20,354,159,35.791,354,-159,0.46,false
wv3:L06-B:MOB-12:002,ordinary,MOB-12,v3_reed_mantis,L06,L06-B,surface,20,351,156,39.722,351,-156,0.46,false
wv3:L06-B:MOB-12:003,ordinary,MOB-12,v3_reed_mantis,L06,L06-B,surface,20,351,162,34.491,351,-162,0.46,false
wv3:L06-B:MOB-12:004,ordinary,MOB-12,v3_reed_mantis,L06,L06-B,surface,20,348,159,38.259,348,-159,0.46,false
wv3:L06-B:MOB-12:005,ordinary,MOB-12,v3_reed_mantis,L06,L06-B,surface,20,366,147,38.655,366,-147,0.46,false
wv3:L06-B:MOB-12:006,ordinary,MOB-12,v3_reed_mantis,L06,L06-B,surface,20,363,147,40.378,363,-147,0.46,false
wv3:L06-B:MOB-12:007,ordinary,MOB-12,v3_reed_mantis,L06,L06-B,surface,21,366,150,36.316,366,-150,0.46,false
wv3:L06-B:MOB-12:008,ordinary,MOB-12,v3_reed_mantis,L06,L06-B,surface,21,366,144,41.02,366,-144,0.46,false
wv3:L06-B:MOB-12:009,ordinary,MOB-12,v3_reed_mantis,L06,L06-B,surface,21,369,147,36.976,369,-147,0.46,false
wv3:L06-B:MOB-12:010,ordinary,MOB-12,v3_reed_mantis,L06,L06-B,surface,21,366,171,29.302,366,-171,0.46,false
wv3:L06-B:MOB-12:011,ordinary,MOB-12,v3_reed_mantis,L06,L06-B,surface,21,363,171,28.943,363,-171,0.46,false
wv3:L06-B:MOB-12:012,ordinary,MOB-12,v3_reed_mantis,L06,L06-B,surface,21,366,168,29.401,366,-168,0.46,false
wv3:L06-B:MOB-12:013,ordinary,MOB-12,v3_reed_mantis,L06,L06-B,surface,21,366,174,29.225,366,-174,0.46,false
wv3:L06-B:MOB-12:014,ordinary,MOB-12,v3_reed_mantis,L06,L06-B,surface,22,369,171,29.722,369,-171,0.46,false
wv3:L06-B:MOB-12:015,ordinary,MOB-12,v3_reed_mantis,L06,L06-B,surface,22,339,174,28.143,339,-174,0.46,false
wv3:L06-B:MOB-12:016,ordinary,MOB-12,v3_reed_mantis,L06,L06-B,surface,22,339,171,29.832,339,-171,0.46,false
wv3:L06-B:MOB-12:017,ordinary,MOB-12,v3_reed_mantis,L06,L06-B,surface,22,342,174,28.114,342,-174,0.46,false
wv3:L06-B:MOB-12:018,ordinary,MOB-12,v3_reed_mantis,L06,L06-B,surface,22,336,174,28.139,336,-174,0.46,false
wv3:L06-B:MOB-12:019,ordinary,MOB-12,v3_reed_mantis,L06,L06-B,surface,22,339,177,27.353,339,-177,0.46,false
wv3:L06-B:MOB-12:020,ordinary,MOB-12,v3_reed_mantis,L06,L06-B,surface,23,342,135,47.73,342,-135,0.46,false
wv3:L06-B:MOB-12:021,ordinary,MOB-12,v3_reed_mantis,L06,L06-B,surface,23,339,135,47.388,339,-135,0.46,false
wv3:L06-B:MOB-12:022,ordinary,MOB-12,v3_reed_mantis,L06,L06-B,surface,23,342,132,46.982,342,-132,0.46,false
wv3:L06-B:MOB-12:023,ordinary,MOB-12,v3_reed_mantis,L06,L06-B,surface,23,345,132,47.542,345,-132,0.46,false
wv3:L06-B:MOB-12:024,ordinary,MOB-12,v3_reed_mantis,L06,L06-B,surface,23,339,132,46.212,339,-132,0.46,false
wv3:L06-B:MOB-12:025,ordinary,MOB-12,v3_reed_mantis,L06,L06-B,surface,23,327,159,40.879,327,-159,0.46,false
wv3:L06-B:MOB-12:026,ordinary,MOB-12,v3_reed_mantis,L06,L06-B,surface,23,330,159,40.794,330,-159,0.46,false
wv3:L06-B:MOB-12:027,ordinary,MOB-12,v3_reed_mantis,L06,L06-B,surface,24,324,159,41.063,324,-159,0.46,false
wv3:L06-B:MOB-12:028,ordinary,MOB-12,v3_reed_mantis,L06,L06-B,surface,24,330,162,38.165,330,-162,0.46,false
wv3:L06-B:MOB-12:029,ordinary,MOB-12,v3_reed_mantis,L06,L06-B,surface,24,333,159,40.718,333,-159,0.46,false
wv3:L06-B:MOB-12:030,ordinary,MOB-12,v3_reed_mantis,L06,L06-B,surface,24,354,186,28.424,354,-186,0.46,false
wv3:L06-B:MOB-12:031,ordinary,MOB-12,v3_reed_mantis,L06,L06-B,surface,24,354,183,28.373,354,-183,0.46,false
wv3:L06-B:MOB-12:032,ordinary,MOB-12,v3_reed_mantis,L06,L06-B,surface,24,351,186,28.213,351,-186,0.46,false
wv3:L06-B:MOB-12:033,ordinary,MOB-12,v3_reed_mantis,L06,L06-B,surface,24,357,186,28.596,357,-186,0.46,false
wv3:L06-B:MOB-12:034,ordinary,MOB-12,v3_reed_mantis,L06,L06-B,surface,25,351,183,28.181,351,-183,0.46,false
wv3:L06-B:MOB-12:035,ordinary,MOB-12,v3_reed_mantis,L06,L06-B,surface,25,381,159,32.252,381,-159,0.46,false
wv3:L06-B:MOB-12:036,ordinary,MOB-12,v3_reed_mantis,L06,L06-B,surface,25,378,159,31.832,378,-159,0.46,false
wv3:L06-B:MOB-12:037,ordinary,MOB-12,v3_reed_mantis,L06,L06-B,surface,25,381,156,32.33,381,-156,0.46,false
wv3:L06-B:MOB-12:038,ordinary,MOB-12,v3_reed_mantis,L06,L06-B,surface,25,381,162,32.148,381,-162,0.46,false
wv3:L06-B:MOB-12:039,ordinary,MOB-12,v3_reed_mantis,L06,L06-B,surface,25,384,159,32.598,384,-159,0.46,false
wv3:L06-B:MOB-13:000,ordinary,MOB-13,v3_river_crab,L06,L06-B,surface,20,408,126,32.4,408,-126,0.46,false
wv3:L06-B:MOB-13:001,ordinary,MOB-13,v3_river_crab,L06,L06-B,surface,20,405,126,33.575,405,-126,0.46,false
wv3:L06-B:MOB-13:002,ordinary,MOB-13,v3_river_crab,L06,L06-B,surface,20,408,129,31.929,408,-129,0.46,false
wv3:L06-B:MOB-13:003,ordinary,MOB-13,v3_river_crab,L06,L06-B,surface,20,411,126,32.028,411,-126,0.46,false
wv3:L06-B:MOB-13:004,ordinary,MOB-13,v3_river_crab,L06,L06-B,surface,21,405,129,32.535,405,-129,0.46,false
wv3:L06-B:MOB-13:005,ordinary,MOB-13,v3_river_crab,L06,L06-B,surface,21,393,138,32.668,393,-138,0.46,false
wv3:L06-B:MOB-13:006,ordinary,MOB-13,v3_river_crab,L06,L06-B,surface,21,396,138,32.104,396,-138,0.46,false
wv3:L06-B:MOB-13:007,ordinary,MOB-13,v3_river_crab,L06,L06-B,surface,22,393,135,34.078,393,-135,0.46,false
wv3:L06-B:MOB-13:008,ordinary,MOB-13,v3_river_crab,L06,L06-B,surface,22,393,141,32.343,393,-141,0.46,false
wv3:L06-B:MOB-13:009,ordinary,MOB-13,v3_river_crab,L06,L06-B,surface,22,390,138,33.511,390,-138,0.46,false
wv3:L06-B:MOB-13:010,ordinary,MOB-13,v3_river_crab,L06,L06-B,surface,23,420,141,33.028,420,-141,0.46,false
wv3:L06-B:MOB-13:011,ordinary,MOB-13,v3_river_crab,L06,L06-B,surface,23,420,138,32.978,420,-138,0.46,false
wv3:L06-B:MOB-13:012,ordinary,MOB-13,v3_river_crab,L06,L06-B,surface,23,417,141,32.787,417,-141,0.46,false
wv3:L06-B:MOB-13:013,ordinary,MOB-13,v3_river_crab,L06,L06-B,surface,23,423,141,33.254,423,-141,0.46,false
wv3:L06-B:MOB-13:014,ordinary,MOB-13,v3_river_crab,L06,L06-B,surface,24,420,144,33.05,420,-144,0.46,false
wv3:L06-B:MOB-13:015,ordinary,MOB-13,v3_river_crab,L06,L06-B,surface,24,432,126,32.479,432,-126,0.46,false
wv3:L06-B:MOB-13:016,ordinary,MOB-13,v3_river_crab,L06,L06-B,surface,24,429,126,32.565,429,-126,0.46,false
wv3:L06-B:MOB-13:017,ordinary,MOB-13,v3_river_crab,L06,L06-B,surface,25,432,129,32.813,432,-129,0.46,false
wv3:L06-B:MOB-13:018,ordinary,MOB-13,v3_river_crab,L06,L06-B,surface,25,435,126,32.341,435,-126,0.46,false
wv3:L06-B:MOB-13:019,ordinary,MOB-13,v3_river_crab,L06,L06-B,surface,25,429,129,32.867,429,-129,0.46,false
wv3:L07-A:MOB-16:000,ordinary,MOB-16,bat,L07,L07-A,great_cave,25,-12,-120,-1.719,-12,120,0.46,false
wv3:L07-A:MOB-16:001,ordinary,MOB-16,bat,L07,L07-A,great_cave,25,-9,-120,-1.735,-9,120,0.46,false
wv3:L07-A:MOB-16:002,ordinary,MOB-16,bat,L07,L07-A,great_cave,25,-12,-117,-1.66,-12,117,0.46,false
wv3:L07-A:MOB-16:003,ordinary,MOB-16,bat,L07,L07-A,great_cave,25,-9,-117,-1.667,-9,117,0.46,false
wv3:L07-A:MOB-16:004,ordinary,MOB-16,bat,L07,L07-A,great_cave,25,-15,-117,-1.65,-15,117,0.46,false
wv3:L07-A:MOB-16:005,ordinary,MOB-16,bat,L07,L07-A,great_cave,26,0,-120,-1.737,0,120,0.46,false
wv3:L07-A:MOB-16:006,ordinary,MOB-16,bat,L07,L07-A,great_cave,26,-3,-120,-1.744,-3,120,0.46,false
wv3:L07-A:MOB-16:007,ordinary,MOB-16,bat,L07,L07-A,great_cave,26,3,-120,-1.722,3,120,0.46,false
wv3:L07-A:MOB-16:008,ordinary,MOB-16,bat,L07,L07-A,great_cave,26,0,-117,-1.665,0,117,0.46,false
wv3:L07-A:MOB-16:009,ordinary,MOB-16,bat,L07,L07-A,great_cave,26,-3,-117,-1.67,-3,117,0.46,false
wv3:L07-A:MOB-16:010,ordinary,MOB-16,bat,L07,L07-A,great_cave,27,-45,-159,-2.118,-45,159,0.46,false
wv3:L07-A:MOB-16:011,ordinary,MOB-16,bat,L07,L07-A,great_cave,27,-45,-162,-2.174,-45,162,0.46,false
wv3:L07-A:MOB-16:012,ordinary,MOB-16,bat,L07,L07-A,great_cave,27,-48,-159,-2.124,-48,159,0.46,false
wv3:L07-A:MOB-16:013,ordinary,MOB-16,bat,L07,L07-A,great_cave,27,-48,-156,-2.078,-48,156,0.46,false
wv3:L07-A:MOB-16:014,ordinary,MOB-16,bat,L07,L07-A,great_cave,27,-48,-162,-2.182,-48,162,0.46,false
wv3:L07-A:MOB-16:015,ordinary,MOB-16,bat,L07,L07-A,great_cave,28,-45,-171,-2.39,-45,171,0.46,false
wv3:L07-A:MOB-16:016,ordinary,MOB-16,bat,L07,L07-A,great_cave,28,-45,-168,-2.314,-45,168,0.46,false
wv3:L07-A:MOB-16:017,ordinary,MOB-16,bat,L07,L07-A,great_cave,28,-48,-171,-2.391,-48,171,0.46,false
wv3:L07-A:MOB-16:018,ordinary,MOB-16,bat,L07,L07-A,great_cave,28,-48,-168,-2.32,-48,168,0.46,false
wv3:L07-A:MOB-16:019,ordinary,MOB-16,bat,L07,L07-A,great_cave,28,-48,-174,-2.457,-48,174,0.46,false
wv3:L07-A:MOB-16:020,ordinary,MOB-16,bat,L07,L07-A,great_cave,29,-24,-114,-1.598,-24,114,0.46,false
wv3:L07-A:MOB-16:021,ordinary,MOB-16,bat,L07,L07-A,great_cave,29,-21,-114,-1.597,-21,114,0.46,false
wv3:L07-A:MOB-16:022,ordinary,MOB-16,bat,L07,L07-A,great_cave,29,-24,-111,-1.572,-24,111,0.46,false
wv3:L07-A:MOB-16:023,ordinary,MOB-16,bat,L07,L07-A,great_cave,29,-21,-111,-1.559,-21,111,0.46,false
wv3:L07-A:MOB-16:024,ordinary,MOB-16,bat,L07,L07-A,great_cave,29,-27,-111,-1.583,-27,111,0.46,false
wv3:L07-A:MOB-16:025,ordinary,MOB-16,bat,L07,L07-A,great_cave,30,-54,-150,-2.042,-54,150,0.46,false
wv3:L07-A:MOB-16:026,ordinary,MOB-16,bat,L07,L07-A,great_cave,30,-51,-150,-2.027,-51,150,0.46,false
wv3:L07-A:MOB-16:027,ordinary,MOB-16,bat,L07,L07-A,great_cave,30,-54,-153,-2.076,-54,153,0.46,false
wv3:L07-A:MOB-16:028,ordinary,MOB-16,bat,L07,L07-A,great_cave,30,-54,-147,-2.018,-54,147,0.46,false
wv3:L07-A:MOB-16:029,ordinary,MOB-16,bat,L07,L07-A,great_cave,30,-57,-150,-2.064,-57,150,0.46,false
wv3:L07-A:MOB-16:030,ordinary,MOB-16,bat,L07,L07-A,great_cave,31,-12,-108,-1.451,-12,108,0.46,false
wv3:L07-A:MOB-16:031,ordinary,MOB-16,bat,L07,L07-A,great_cave,31,-12,-111,-1.523,-12,111,0.46,false
wv3:L07-A:MOB-16:032,ordinary,MOB-16,bat,L07,L07-A,great_cave,31,-9,-108,-1.443,-9,108,0.46,false
wv3:L07-A:MOB-16:033,ordinary,MOB-16,bat,L07,L07-A,great_cave,31,-15,-108,-1.467,-15,108,0.46,false
wv3:L07-A:MOB-16:034,ordinary,MOB-16,bat,L07,L07-A,great_cave,31,-12,-105,-1.384,-12,105,0.46,false
wv3:L07-A:MOB-18:000,ordinary,MOB-18,v3_armored_scorpion,L07,L07-A,great_cave,29,39,-168,-2.389,39,168,0.46,false
wv3:L07-A:MOB-18:001,ordinary,MOB-18,v3_armored_scorpion,L07,L07-A,great_cave,29,39,-165,-2.373,39,165,0.46,false
wv3:L07-A:MOB-18:002,ordinary,MOB-18,v3_armored_scorpion,L07,L07-A,great_cave,29,39,-171,-2.398,39,171,0.46,false
wv3:L07-A:MOB-18:003,ordinary,MOB-18,v3_armored_scorpion,L07,L07-A,great_cave,29,42,-168,-2.382,42,168,0.46,false
wv3:L07-A:MOB-18:004,ordinary,MOB-18,v3_armored_scorpion,L07,L07-A,great_cave,30,42,-165,-2.357,42,165,0.46,false
wv3:L07-A:MOB-18:005,ordinary,MOB-18,v3_armored_scorpion,L07,L07-A,great_cave,30,42,-180,-2.435,42,180,0.46,false
wv3:L07-A:MOB-18:006,ordinary,MOB-18,v3_armored_scorpion,L07,L07-A,great_cave,30,42,-177,-2.419,42,177,0.46,false
wv3:L07-A:MOB-18:007,ordinary,MOB-18,v3_armored_scorpion,L07,L07-A,great_cave,30,42,-183,-2.459,42,183,0.46,false
wv3:L07-A:MOB-18:008,ordinary,MOB-18,v3_armored_scorpion,L07,L07-A,great_cave,31,45,-180,-2.45,45,180,0.46,false
wv3:L07-A:MOB-18:009,ordinary,MOB-18,v3_armored_scorpion,L07,L07-A,great_cave,31,45,-177,-2.432,45,177,0.46,false
wv3:L07-A:MOB-18:010,ordinary,MOB-18,v3_armored_scorpion,L07,L07-A,great_cave,31,45,-156,-2.191,45,156,0.46,false
wv3:L07-A:MOB-18:011,ordinary,MOB-18,v3_armored_scorpion,L07,L07-A,great_cave,32,45,-159,-2.244,45,159,0.46,false
wv3:L07-A:MOB-18:012,ordinary,MOB-18,v3_armored_scorpion,L07,L07-A,great_cave,32,45,-153,-2.138,45,153,0.46,false
wv3:L07-A:MOB-18:013,ordinary,MOB-18,v3_armored_scorpion,L07,L07-A,great_cave,32,48,-156,-2.152,48,156,0.46,false
wv3:L07-A:MOB-18:014,ordinary,MOB-18,v3_armored_scorpion,L07,L07-A,great_cave,32,42,-159,-2.28,42,159,0.46,false
wv3:L07-A:MOB-18:015,ordinary,MOB-18,v3_armored_scorpion,L07,L07-A,great_cave,33,3,-204,-2.879,3,204,0.46,false
wv3:L07-A:MOB-18:016,ordinary,MOB-18,v3_armored_scorpion,L07,L07-A,great_cave,33,0,-204,-2.892,0,204,0.46,false
wv3:L07-A:MOB-18:017,ordinary,MOB-18,v3_armored_scorpion,L07,L07-A,great_cave,33,3,-207,-2.942,3,207,0.46,false
wv3:L07-A:MOB-18:018,ordinary,MOB-18,v3_armored_scorpion,L07,L07-A,great_cave,34,6,-207,-2.917,6,207,0.46,false
wv3:L07-A:MOB-18:019,ordinary,MOB-18,v3_armored_scorpion,L07,L07-A,great_cave,34,0,-207,-2.961,0,207,0.46,false
wv3:L07-A:MOB-18:020,ordinary,MOB-18,v3_armored_scorpion,L07,L07-A,great_cave,34,51,-168,-2.343,51,168,0.46,false
wv3:L07-A:MOB-18:021,ordinary,MOB-18,v3_armored_scorpion,L07,L07-A,great_cave,34,48,-168,-2.357,48,168,0.46,false
wv3:L07-A:MOB-18:022,ordinary,MOB-18,v3_armored_scorpion,L07,L07-A,great_cave,35,51,-165,-2.286,51,165,0.46,false
wv3:L07-A:MOB-18:023,ordinary,MOB-18,v3_armored_scorpion,L07,L07-A,great_cave,35,51,-171,-2.393,51,171,0.46,false
wv3:L07-A:MOB-18:024,ordinary,MOB-18,v3_armored_scorpion,L07,L07-A,great_cave,35,54,-168,-2.33,54,168,0.46,false
wv3:L07-B:MOB-23:000,ordinary,MOB-23,v3_fungal_walker,L07,L07-B,great_cave,34,-21,-264,-3.641,-21,264,0.46,false
wv3:L07-B:MOB-23:001,ordinary,MOB-23,v3_fungal_walker,L07,L07-B,great_cave,34,-18,-264,-3.626,-18,264,0.46,false
wv3:L07-B:MOB-23:002,ordinary,MOB-23,v3_fungal_walker,L07,L07-B,great_cave,34,-21,-261,-3.617,-21,261,0.46,false
wv3:L07-B:MOB-23:003,ordinary,MOB-23,v3_fungal_walker,L07,L07-B,great_cave,34,-24,-261,-3.63,-24,261,0.46,false
wv3:L07-B:MOB-23:004,ordinary,MOB-23,v3_fungal_walker,L07,L07-B,great_cave,34,-18,-261,-3.61,-18,261,0.46,false
wv3:L07-B:MOB-23:005,ordinary,MOB-23,v3_fungal_walker,L07,L07-B,great_cave,34,-9,-264,-3.637,-9,264,0.46,false
wv3:L07-B:MOB-23:006,ordinary,MOB-23,v3_fungal_walker,L07,L07-B,great_cave,34,-12,-264,-3.624,-12,264,0.46,false
wv3:L07-B:MOB-23:007,ordinary,MOB-23,v3_fungal_walker,L07,L07-B,great_cave,34,-6,-264,-3.657,-6,264,0.46,false
wv3:L07-B:MOB-23:008,ordinary,MOB-23,v3_fungal_walker,L07,L07-B,great_cave,35,-9,-261,-3.621,-9,261,0.46,false
wv3:L07-B:MOB-23:009,ordinary,MOB-23,v3_fungal_walker,L07,L07-B,great_cave,35,-12,-261,-3.612,-12,261,0.46,false
wv3:L07-B:MOB-23:010,ordinary,MOB-23,v3_fungal_walker,L07,L07-B,great_cave,35,-33,-258,-3.617,-33,258,0.46,false
wv3:L07-B:MOB-23:011,ordinary,MOB-23,v3_fungal_walker,L07,L07-B,great_cave,35,-30,-258,-3.613,-30,258,0.46,false
wv3:L07-B:MOB-23:012,ordinary,MOB-23,v3_fungal_walker,L07,L07-B,great_cave,35,-36,-258,-3.62,-36,258,0.46,false
wv3:L07-B:MOB-23:013,ordinary,MOB-23,v3_fungal_walker,L07,L07-B,great_cave,35,-33,-255,-3.562,-33,255,0.46,false
wv3:L07-B:MOB-23:014,ordinary,MOB-23,v3_fungal_walker,L07,L07-B,great_cave,35,-30,-261,-3.662,-30,261,0.46,false
wv3:L07-B:MOB-23:015,ordinary,MOB-23,v3_fungal_walker,L07,L07-B,great_cave,36,-21,-252,-3.583,-21,252,0.46,false
wv3:L07-B:MOB-23:016,ordinary,MOB-23,v3_fungal_walker,L07,L07-B,great_cave,36,-21,-255,-3.592,-21,255,0.46,false
wv3:L07-B:MOB-23:017,ordinary,MOB-23,v3_fungal_walker,L07,L07-B,great_cave,36,-24,-252,-3.572,-24,252,0.46,false
wv3:L07-B:MOB-23:018,ordinary,MOB-23,v3_fungal_walker,L07,L07-B,great_cave,36,-18,-252,-3.586,-18,252,0.46,false
wv3:L07-B:MOB-23:019,ordinary,MOB-23,v3_fungal_walker,L07,L07-B,great_cave,36,-21,-249,-3.569,-21,249,0.46,false
wv3:L07-B:MOB-23:020,ordinary,MOB-23,v3_fungal_walker,L07,L07-B,great_cave,36,3,-264,-3.736,3,264,0.46,false
wv3:L07-B:MOB-23:021,ordinary,MOB-23,v3_fungal_walker,L07,L07-B,great_cave,36,0,-264,-3.71,0,264,0.46,false
wv3:L07-B:MOB-23:022,ordinary,MOB-23,v3_fungal_walker,L07,L07-B,great_cave,37,3,-261,-3.682,3,261,0.46,false
wv3:L07-B:MOB-23:023,ordinary,MOB-23,v3_fungal_walker,L07,L07-B,great_cave,37,0,-261,-3.667,0,261,0.46,false
wv3:L07-B:MOB-23:024,ordinary,MOB-23,v3_fungal_walker,L07,L07-B,great_cave,37,6,-261,-3.693,6,261,0.46,false
wv3:L07-B:MOB-23:025,ordinary,MOB-23,v3_fungal_walker,L07,L07-B,great_cave,37,-9,-252,-3.554,-9,252,0.46,false
wv3:L07-B:MOB-23:026,ordinary,MOB-23,v3_fungal_walker,L07,L07-B,great_cave,37,-9,-255,-3.583,-9,255,0.46,false
wv3:L07-B:MOB-23:027,ordinary,MOB-23,v3_fungal_walker,L07,L07-B,great_cave,37,-12,-252,-3.571,-12,252,0.46,false
wv3:L07-B:MOB-23:028,ordinary,MOB-23,v3_fungal_walker,L07,L07-B,great_cave,37,-6,-252,-3.535,-6,252,0.46,false
wv3:L07-B:MOB-23:029,ordinary,MOB-23,v3_fungal_walker,L07,L07-B,great_cave,38,-9,-249,-3.517,-9,249,0.46,false
wv3:L07-B:MOB-23:030,ordinary,MOB-23,v3_fungal_walker,L07,L07-B,great_cave,38,-42,-249,-3.407,-42,249,0.46,false
wv3:L07-B:MOB-23:031,ordinary,MOB-23,v3_fungal_walker,L07,L07-B,great_cave,38,-42,-252,-3.472,-42,252,0.46,false
wv3:L07-B:MOB-23:032,ordinary,MOB-23,v3_fungal_walker,L07,L07-B,great_cave,38,-39,-249,-3.423,-39,249,0.46,false
wv3:L07-B:MOB-23:033,ordinary,MOB-23,v3_fungal_walker,L07,L07-B,great_cave,38,-45,-249,-3.401,-45,249,0.46,false
wv3:L07-B:MOB-23:034,ordinary,MOB-23,v3_fungal_walker,L07,L07-B,great_cave,38,-42,-246,-3.353,-42,246,0.46,false
wv3:L07-B:MOB-23:035,ordinary,MOB-23,v3_fungal_walker,L07,L07-B,great_cave,38,-63,-294,-4.19,-63,294,0.46,false
wv3:L07-B:MOB-23:036,ordinary,MOB-23,v3_fungal_walker,L07,L07-B,great_cave,39,-63,-297,-4.24,-63,297,0.46,false
wv3:L07-B:MOB-23:037,ordinary,MOB-23,v3_fungal_walker,L07,L07-B,great_cave,39,-66,-294,-4.168,-66,294,0.46,false
wv3:L07-B:MOB-23:038,ordinary,MOB-23,v3_fungal_walker,L07,L07-B,great_cave,39,-66,-291,-4.116,-66,291,0.46,false
wv3:L07-B:MOB-23:039,ordinary,MOB-23,v3_fungal_walker,L07,L07-B,great_cave,39,-66,-297,-4.211,-66,297,0.46,false
wv3:L07-B:MOB-23:040,ordinary,MOB-23,v3_fungal_walker,L07,L07-B,great_cave,39,-30,-243,-3.451,-30,243,0.46,false
wv3:L07-B:MOB-23:041,ordinary,MOB-23,v3_fungal_walker,L07,L07-B,great_cave,39,-30,-246,-3.48,-30,246,0.46,false
wv3:L07-B:MOB-23:042,ordinary,MOB-23,v3_fungal_walker,L07,L07-B,great_cave,39,-27,-243,-3.483,-27,243,0.46,false
wv3:L07-B:MOB-23:043,ordinary,MOB-23,v3_fungal_walker,L07,L07-B,great_cave,40,-33,-243,-3.413,-33,243,0.46,false
wv3:L07-B:MOB-23:044,ordinary,MOB-23,v3_fungal_walker,L07,L07-B,great_cave,40,-30,-240,-3.416,-30,240,0.46,false
wv3:L07-B:MOB-23:045,ordinary,MOB-23,v3_fungal_walker,L07,L07-B,great_cave,40,3,-312,-4.391,3,312,0.46,false
wv3:L07-B:MOB-23:046,ordinary,MOB-23,v3_fungal_walker,L07,L07-B,great_cave,40,6,-312,-4.386,6,312,0.46,false
wv3:L07-B:MOB-23:047,ordinary,MOB-23,v3_fungal_walker,L07,L07-B,great_cave,40,3,-315,-4.4,3,315,0.46,false
wv3:L07-B:MOB-23:048,ordinary,MOB-23,v3_fungal_walker,L07,L07-B,great_cave,40,6,-309,-4.363,6,309,0.46,false
wv3:L07-B:MOB-23:049,ordinary,MOB-23,v3_fungal_walker,L07,L07-B,great_cave,40,0,-315,-4.4,0,315,0.46,false
wv3:L07-B:MOB-24:000,ordinary,MOB-24,v3_blind_salamander,L07,L07-B,great_cave,35,12,-303,-4.215,12,303,0.46,false
wv3:L07-B:MOB-24:001,ordinary,MOB-24,v3_blind_salamander,L07,L07-B,great_cave,35,12,-306,-4.271,12,306,0.46,false
wv3:L07-B:MOB-24:002,ordinary,MOB-24,v3_blind_salamander,L07,L07-B,great_cave,35,15,-303,-4.182,15,303,0.46,false
wv3:L07-B:MOB-24:003,ordinary,MOB-24,v3_blind_salamander,L07,L07-B,great_cave,35,9,-306,-4.302,9,306,0.46,false
wv3:L07-B:MOB-24:004,ordinary,MOB-24,v3_blind_salamander,L07,L07-B,great_cave,35,15,-306,-4.242,15,306,0.46,false
wv3:L07-B:MOB-24:005,ordinary,MOB-24,v3_blind_salamander,L07,L07-B,great_cave,35,15,-315,-4.412,15,315,0.46,false
wv3:L07-B:MOB-24:006,ordinary,MOB-24,v3_blind_salamander,L07,L07-B,great_cave,35,12,-315,-4.408,12,315,0.46,false
wv3:L07-B:MOB-24:007,ordinary,MOB-24,v3_blind_salamander,L07,L07-B,great_cave,35,15,-312,-4.36,15,312,0.46,false
wv3:L07-B:MOB-24:008,ordinary,MOB-24,v3_blind_salamander,L07,L07-B,great_cave,35,15,-318,-4.456,15,318,0.46,false
wv3:L07-B:MOB-24:009,ordinary,MOB-24,v3_blind_salamander,L07,L07-B,great_cave,35,18,-315,-4.415,18,315,0.46,false
wv3:L07-B:MOB-24:010,ordinary,MOB-24,v3_blind_salamander,L07,L07-B,great_cave,36,-3,-324,-4.462,-3,324,0.46,false
wv3:L07-B:MOB-24:011,ordinary,MOB-24,v3_blind_salamander,L07,L07-B,great_cave,36,-3,-321,-4.432,-3,321,0.46,false
wv3:L07-B:MOB-24:012,ordinary,MOB-24,v3_blind_salamander,L07,L07-B,great_cave,36,0,-324,-4.445,0,324,0.46,false
wv3:L07-B:MOB-24:013,ordinary,MOB-24,v3_blind_salamander,L07,L07-B,great_cave,36,-3,-327,-4.503,-3,327,0.46,false
wv3:L07-B:MOB-24:014,ordinary,MOB-24,v3_blind_salamander,L07,L07-B,great_cave,36,0,-321,-4.421,0,321,0.46,false
wv3:L07-B:MOB-24:015,ordinary,MOB-24,v3_blind_salamander,L07,L07-B,great_cave,36,24,-300,-4.093,24,300,0.46,false
wv3:L07-B:MOB-24:016,ordinary,MOB-24,v3_blind_salamander,L07,L07-B,great_cave,36,21,-300,-4.091,21,300,0.46,false
wv3:L07-B:MOB-24:017,ordinary,MOB-24,v3_blind_salamander,L07,L07-B,great_cave,36,24,-303,-4.139,24,303,0.46,false
wv3:L07-B:MOB-24:018,ordinary,MOB-24,v3_blind_salamander,L07,L07-B,great_cave,36,27,-300,-4.109,27,300,0.46,false
wv3:L07-B:MOB-24:019,ordinary,MOB-24,v3_blind_salamander,L07,L07-B,great_cave,36,21,-303,-4.141,21,303,0.46,false
wv3:L07-B:MOB-24:020,ordinary,MOB-24,v3_blind_salamander,L07,L07-B,great_cave,37,9,-327,-4.49,9,327,0.46,false
wv3:L07-B:MOB-24:021,ordinary,MOB-24,v3_blind_salamander,L07,L07-B,great_cave,37,9,-324,-4.464,9,324,0.46,false
wv3:L07-B:MOB-24:022,ordinary,MOB-24,v3_blind_salamander,L07,L07-B,great_cave,37,6,-327,-4.473,6,327,0.46,false
wv3:L07-B:MOB-24:023,ordinary,MOB-24,v3_blind_salamander,L07,L07-B,great_cave,37,12,-327,-4.518,12,327,0.46,false
wv3:L07-B:MOB-24:024,ordinary,MOB-24,v3_blind_salamander,L07,L07-B,great_cave,37,9,-330,-4.526,9,330,0.46,false
wv3:L07-B:MOB-24:025,ordinary,MOB-24,v3_blind_salamander,L07,L07-B,great_cave,37,27,-312,-4.343,27,312,0.46,false
wv3:L07-B:MOB-24:026,ordinary,MOB-24,v3_blind_salamander,L07,L07-B,great_cave,37,24,-312,-4.343,24,312,0.46,false
wv3:L07-B:MOB-24:027,ordinary,MOB-24,v3_blind_salamander,L07,L07-B,great_cave,37,27,-309,-4.269,27,309,0.46,false
wv3:L07-B:MOB-24:028,ordinary,MOB-24,v3_blind_salamander,L07,L07-B,great_cave,37,27,-315,-4.42,27,315,0.46,false
wv3:L07-B:MOB-24:029,ordinary,MOB-24,v3_blind_salamander,L07,L07-B,great_cave,37,30,-312,-4.346,30,312,0.46,false
wv3:L07-B:MOB-24:030,ordinary,MOB-24,v3_blind_salamander,L07,L07-B,great_cave,38,-3,-336,-4.672,-3,336,0.46,false
wv3:L07-B:MOB-24:031,ordinary,MOB-24,v3_blind_salamander,L07,L07-B,great_cave,38,-3,-333,-4.611,-3,333,0.46,false
wv3:L07-B:MOB-24:032,ordinary,MOB-24,v3_blind_salamander,L07,L07-B,great_cave,38,0,-336,-4.651,0,336,0.46,false
wv3:L07-B:MOB-24:033,ordinary,MOB-24,v3_blind_salamander,L07,L07-B,great_cave,38,-3,-339,-4.731,-3,339,0.46,false
wv3:L07-B:MOB-24:034,ordinary,MOB-24,v3_blind_salamander,L07,L07-B,great_cave,38,0,-333,-4.586,0,333,0.46,false
wv3:L07-B:MOB-24:035,ordinary,MOB-24,v3_blind_salamander,L07,L07-B,great_cave,38,24,-324,-4.616,24,324,0.46,false
wv3:L07-B:MOB-24:036,ordinary,MOB-24,v3_blind_salamander,L07,L07-B,great_cave,38,21,-324,-4.591,21,324,0.46,false
wv3:L07-B:MOB-24:037,ordinary,MOB-24,v3_blind_salamander,L07,L07-B,great_cave,38,24,-321,-4.56,24,321,0.46,false
wv3:L07-B:MOB-24:038,ordinary,MOB-24,v3_blind_salamander,L07,L07-B,great_cave,38,24,-327,-4.66,24,327,0.46,false
wv3:L07-B:MOB-24:039,ordinary,MOB-24,v3_blind_salamander,L07,L07-B,great_cave,38,21,-321,-4.543,21,321,0.46,false
wv3:L07-B:MOB-24:040,ordinary,MOB-24,v3_blind_salamander,L07,L07-B,great_cave,39,36,-297,-4.18,36,297,0.46,false
wv3:L07-B:MOB-24:041,ordinary,MOB-24,v3_blind_salamander,L07,L07-B,great_cave,39,33,-297,-4.142,33,297,0.46,false
wv3:L07-B:MOB-24:042,ordinary,MOB-24,v3_blind_salamander,L07,L07-B,great_cave,39,36,-300,-4.211,36,300,0.46,false
wv3:L07-B:MOB-24:043,ordinary,MOB-24,v3_blind_salamander,L07,L07-B,great_cave,39,39,-297,-4.214,39,297,0.46,false
wv3:L07-B:MOB-24:044,ordinary,MOB-24,v3_blind_salamander,L07,L07-B,great_cave,39,33,-300,-4.172,33,300,0.46,false
wv3:L07-B:MOB-24:045,ordinary,MOB-24,v3_blind_salamander,L07,L07-B,great_cave,39,9,-339,-4.703,9,339,0.46,false
wv3:L07-B:MOB-24:046,ordinary,MOB-24,v3_blind_salamander,L07,L07-B,great_cave,39,9,-336,-4.634,9,336,0.46,false
wv3:L07-B:MOB-24:047,ordinary,MOB-24,v3_blind_salamander,L07,L07-B,great_cave,39,6,-339,-4.703,6,339,0.46,false
wv3:L07-B:MOB-24:048,ordinary,MOB-24,v3_blind_salamander,L07,L07-B,great_cave,39,12,-339,-4.709,12,339,0.46,false
wv3:L07-B:MOB-24:049,ordinary,MOB-24,v3_blind_salamander,L07,L07-B,great_cave,39,9,-342,-4.779,9,342,0.46,false
wv3:L08-A:MOB-28:000,ordinary,MOB-28,v3_gargoyle,L08,L08-A,surface,45,516,108,31.46,516,-108,0.46,false
wv3:L08-A:MOB-28:001,ordinary,MOB-28,v3_gargoyle,L08,L08-A,surface,45,513,108,31.43,513,-108,0.46,false
wv3:L08-A:MOB-28:002,ordinary,MOB-28,v3_gargoyle,L08,L08-A,surface,45,516,105,31.571,516,-105,0.46,false
wv3:L08-A:MOB-28:003,ordinary,MOB-28,v3_gargoyle,L08,L08-A,surface,46,516,111,31.326,516,-111,0.46,false
wv3:L08-A:MOB-28:004,ordinary,MOB-28,v3_gargoyle,L08,L08-A,surface,46,519,108,31.452,519,-108,0.46,false
wv3:L08-A:MOB-28:005,ordinary,MOB-28,v3_gargoyle,L08,L08-A,surface,46,504,93,31.047,504,-93,0.46,false
wv3:L08-A:MOB-28:006,ordinary,MOB-28,v3_gargoyle,L08,L08-A,surface,47,504,96,31.127,504,-96,0.46,false
wv3:L08-A:MOB-28:007,ordinary,MOB-28,v3_gargoyle,L08,L08-A,surface,47,507,93,31.281,507,-93,0.46,false
wv3:L08-A:MOB-28:008,ordinary,MOB-28,v3_gargoyle,L08,L08-A,surface,47,504,90,30.96,504,-90,0.46,false
wv3:L08-A:MOB-28:009,ordinary,MOB-28,v3_gargoyle,L08,L08-A,surface,48,507,96,31.331,507,-96,0.46,false
wv3:L08-A:MOB-28:010,ordinary,MOB-28,v3_gargoyle,L08,L08-A,surface,48,528,93,31.033,528,-93,0.46,false
wv3:L08-A:MOB-28:011,ordinary,MOB-28,v3_gargoyle,L08,L08-A,surface,48,528,96,31.096,528,-96,0.46,false
wv3:L08-A:MOB-28:012,ordinary,MOB-28,v3_gargoyle,L08,L08-A,surface,49,525,93,31.362,525,-93,0.46,false
wv3:L08-A:MOB-28:013,ordinary,MOB-28,v3_gargoyle,L08,L08-A,surface,49,531,93,30.603,531,-93,0.46,false
wv3:L08-A:MOB-28:014,ordinary,MOB-28,v3_gargoyle,L08,L08-A,surface,49,528,90,30.942,528,-90,0.46,false
wv3:L08-A:MOB-28:015,ordinary,MOB-28,v3_gargoyle,L08,L08-A,surface,50,528,123,30.518,528,-123,0.46,false
wv3:L08-A:MOB-28:016,ordinary,MOB-28,v3_gargoyle,L08,L08-A,surface,50,528,120,30.636,528,-120,0.46,false
wv3:L08-A:MOB-28:017,ordinary,MOB-28,v3_gargoyle,L08,L08-A,surface,50,525,123,30.581,525,-123,0.46,false
wv3:L08-A:MOB-28:018,ordinary,MOB-28,v3_gargoyle,L08,L08-A,surface,51,531,123,30.416,531,-123,0.46,false
wv3:L08-A:MOB-28:019,ordinary,MOB-28,v3_gargoyle,L08,L08-A,surface,51,528,126,30.404,528,-126,0.46,false
wv3:L08-A:MOB-30:000,ordinary,MOB-30,cultist,L08,L08-A,surface,48,570,75,26.648,570,-75,0.46,false
wv3:L08-A:MOB-30:001,ordinary,MOB-30,cultist,L08,L08-A,surface,48,567,75,27.05,567,-75,0.46,false
wv3:L08-A:MOB-30:002,ordinary,MOB-30,cultist,L08,L08-A,surface,48,570,78,26.36,570,-78,0.46,false
wv3:L08-A:MOB-30:003,ordinary,MOB-30,cultist,L08,L08-A,surface,48,570,72,26.928,570,-72,0.46,false
wv3:L08-A:MOB-30:004,ordinary,MOB-30,cultist,L08,L08-A,surface,48,573,75,26.172,573,-75,0.46,false
wv3:L08-A:MOB-30:005,ordinary,MOB-30,cultist,L08,L08-A,surface,49,555,87,26.912,555,-87,0.46,false
wv3:L08-A:MOB-30:006,ordinary,MOB-30,cultist,L08,L08-A,surface,49,558,87,26.633,558,-87,0.46,false
wv3:L08-A:MOB-30:007,ordinary,MOB-30,cultist,L08,L08-A,surface,49,555,84,27.172,555,-84,0.46,false
wv3:L08-A:MOB-30:008,ordinary,MOB-30,cultist,L08,L08-A,surface,49,555,90,26.683,555,-90,0.46,false
wv3:L08-A:MOB-30:009,ordinary,MOB-30,cultist,L08,L08-A,surface,50,552,87,27.229,552,-87,0.46,false
wv3:L08-A:MOB-30:010,ordinary,MOB-30,cultist,L08,L08-A,surface,50,555,63,29.071,555,-63,0.46,false
wv3:L08-A:MOB-30:011,ordinary,MOB-30,cultist,L08,L08-A,surface,50,558,63,28.953,558,-63,0.46,false
wv3:L08-A:MOB-30:012,ordinary,MOB-30,cultist,L08,L08-A,surface,50,555,66,28.839,555,-66,0.46,false
wv3:L08-A:MOB-30:013,ordinary,MOB-30,cultist,L08,L08-A,surface,51,555,60,29.283,555,-60,0.46,false
wv3:L08-A:MOB-30:014,ordinary,MOB-30,cultist,L08,L08-A,surface,51,552,63,29.134,552,-63,0.46,false
wv3:L08-A:MOB-30:015,ordinary,MOB-30,cultist,L08,L08-A,surface,51,582,90,23.641,582,-90,0.46,false
wv3:L08-A:MOB-30:016,ordinary,MOB-30,cultist,L08,L08-A,surface,51,582,87,23.736,582,-87,0.46,false
wv3:L08-A:MOB-30:017,ordinary,MOB-30,cultist,L08,L08-A,surface,51,579,90,24.112,579,-90,0.46,false
wv3:L08-A:MOB-30:018,ordinary,MOB-30,cultist,L08,L08-A,surface,52,585,90,23.13,585,-90,0.46,false
wv3:L08-A:MOB-30:019,ordinary,MOB-30,cultist,L08,L08-A,surface,52,582,93,23.588,582,-93,0.46,false
wv3:L08-A:MOB-30:020,ordinary,MOB-30,cultist,L08,L08-A,surface,52,582,60,34.119,582,-60,0.46,false
wv3:L08-A:MOB-30:021,ordinary,MOB-30,cultist,L08,L08-A,surface,52,582,63,32.123,582,-63,0.46,false
wv3:L08-A:MOB-30:022,ordinary,MOB-30,cultist,L08,L08-A,surface,53,579,60,32.913,579,-60,0.46,false
wv3:L08-A:MOB-30:023,ordinary,MOB-30,cultist,L08,L08-A,surface,53,585,60,35.436,585,-60,0.46,false
wv3:L08-A:MOB-30:024,ordinary,MOB-30,cultist,L08,L08-A,surface,53,582,57,36.278,582,-57,0.46,false
wv3:L08-A:MOB-30:025,ordinary,MOB-30,cultist,L08,L08-A,surface,53,594,75,27.401,594,-75,0.46,false
wv3:L08-A:MOB-30:026,ordinary,MOB-30,cultist,L08,L08-A,surface,54,591,75,26.883,591,-75,0.46,false
wv3:L08-A:MOB-30:027,ordinary,MOB-30,cultist,L08,L08-A,surface,54,594,78,25.684,594,-78,0.46,false
wv3:L08-A:MOB-30:028,ordinary,MOB-30,cultist,L08,L08-A,surface,54,594,72,29.298,594,-72,0.46,false
wv3:L08-A:MOB-30:029,ordinary,MOB-30,cultist,L08,L08-A,surface,54,597,75,27.863,597,-75,0.46,false
wv3:L08-A:MOB-31:000,ordinary,MOB-31,v3_harpy,L08,L08-A,surface,50,624,42,56.542,624,-42,0.46,false
wv3:L08-A:MOB-31:001,ordinary,MOB-31,v3_harpy,L08,L08-A,surface,50,624,45,53.821,624,-45,0.46,false
wv3:L08-A:MOB-31:002,ordinary,MOB-31,v3_harpy,L08,L08-A,surface,50,627,42,55.627,627,-42,0.46,false
wv3:L08-A:MOB-31:003,ordinary,MOB-31,v3_harpy,L08,L08-A,surface,51,621,42,57.032,621,-42,0.46,false
wv3:L08-A:MOB-31:004,ordinary,MOB-31,v3_harpy,L08,L08-A,surface,51,624,39,59.17,624,-39,0.46,false
wv3:L08-A:MOB-31:005,ordinary,MOB-31,v3_harpy,L08,L08-A,surface,51,636,57,39.296,636,-57,0.46,false
wv3:L08-A:MOB-31:006,ordinary,MOB-31,v3_harpy,L08,L08-A,surface,52,636,54,41.978,636,-54,0.46,false
wv3:L08-A:MOB-31:007,ordinary,MOB-31,v3_harpy,L08,L08-A,surface,52,633,57,40.443,633,-57,0.46,false
wv3:L08-A:MOB-31:008,ordinary,MOB-31,v3_harpy,L08,L08-A,surface,52,639,57,38.043,639,-57,0.46,false
wv3:L08-A:MOB-31:009,ordinary,MOB-31,v3_harpy,L08,L08-A,surface,53,636,60,36.553,636,-60,0.46,false
wv3:L08-A:MOB-31:010,ordinary,MOB-31,v3_harpy,L08,L08-A,surface,53,612,57,43.805,612,-57,0.46,false
wv3:L08-A:MOB-31:011,ordinary,MOB-31,v3_harpy,L08,L08-A,surface,53,612,54,46.582,612,-54,0.46,false
wv3:L08-A:MOB-31:012,ordinary,MOB-31,v3_harpy,L08,L08-A,surface,54,615,57,43.661,615,-57,0.46,false
wv3:L08-A:MOB-31:013,ordinary,MOB-31,v3_harpy,L08,L08-A,surface,54,609,57,43.423,609,-57,0.46,false
wv3:L08-A:MOB-31:014,ordinary,MOB-31,v3_harpy,L08,L08-A,surface,54,612,60,41.073,612,-60,0.46,false
wv3:L08-A:MOB-31:015,ordinary,MOB-31,v3_harpy,L08,L08-A,surface,55,639,30,61.889,639,-30,0.46,false
wv3:L08-A:MOB-31:016,ordinary,MOB-31,v3_harpy,L08,L08-A,surface,55,636,30,62.895,636,-30,0.46,false
wv3:L08-A:MOB-31:017,ordinary,MOB-31,v3_harpy,L08,L08-A,surface,55,639,33,59.323,639,-33,0.46,false
wv3:L08-A:MOB-31:018,ordinary,MOB-31,v3_harpy,L08,L08-A,surface,56,639,27,64.373,639,-27,0.46,false
wv3:L08-A:MOB-31:019,ordinary,MOB-31,v3_harpy,L08,L08-A,surface,56,642,30,60.857,642,-30,0.46,false
wv3:L08-B:MOB-32:000,ordinary,MOB-32,v3_minotaur,L08,L08-B,surface,52,627,-99,83,627,99,1.05,false
wv3:L08-B:MOB-32:001,ordinary,MOB-32,v3_minotaur,L08,L08-B,surface,52,630,-99,83,630,99,1.05,false
wv3:L08-B:MOB-32:002,ordinary,MOB-32,v3_minotaur,L08,L08-B,surface,52,627,-96,83,627,96,1.05,false
wv3:L08-B:MOB-32:003,ordinary,MOB-32,v3_minotaur,L08,L08-B,surface,52,627,-102,83,627,102,1.05,false
wv3:L08-B:MOB-32:004,ordinary,MOB-32,v3_minotaur,L08,L08-B,surface,52,624,-99,83,624,99,1.05,false
wv3:L08-B:MOB-32:005,ordinary,MOB-32,v3_minotaur,L08,L08-B,surface,52,642,-87,83,642,87,1.05,false
wv3:L08-B:MOB-32:006,ordinary,MOB-32,v3_minotaur,L08,L08-B,surface,52,639,-87,83,639,87,1.05,false
wv3:L08-B:MOB-32:007,ordinary,MOB-32,v3_minotaur,L08,L08-B,surface,52,642,-90,83,642,90,1.05,false
wv3:L08-B:MOB-32:008,ordinary,MOB-32,v3_minotaur,L08,L08-B,surface,52,642,-84,83,642,84,1.05,false
wv3:L08-B:MOB-32:009,ordinary,MOB-32,v3_minotaur,L08,L08-B,surface,53,645,-87,83,645,87,1.05,false
wv3:L08-B:MOB-32:010,ordinary,MOB-32,v3_minotaur,L08,L08-B,surface,53,642,-111,83,642,111,1.05,false
wv3:L08-B:MOB-32:011,ordinary,MOB-32,v3_minotaur,L08,L08-B,surface,53,639,-111,83,639,111,1.05,false
wv3:L08-B:MOB-32:012,ordinary,MOB-32,v3_minotaur,L08,L08-B,surface,53,642,-108,83,642,108,1.05,false
wv3:L08-B:MOB-32:013,ordinary,MOB-32,v3_minotaur,L08,L08-B,surface,53,642,-114,83,642,114,1.05,false
wv3:L08-B:MOB-32:014,ordinary,MOB-32,v3_minotaur,L08,L08-B,surface,53,645,-111,83,645,111,1.05,false
wv3:L08-B:MOB-32:015,ordinary,MOB-32,v3_minotaur,L08,L08-B,surface,53,615,-84,83,615,84,1.05,false
wv3:L08-B:MOB-32:016,ordinary,MOB-32,v3_minotaur,L08,L08-B,surface,53,615,-87,83,615,87,1.05,false
wv3:L08-B:MOB-32:017,ordinary,MOB-32,v3_minotaur,L08,L08-B,surface,53,618,-84,83,618,84,1.05,false
wv3:L08-B:MOB-32:018,ordinary,MOB-32,v3_minotaur,L08,L08-B,surface,54,612,-84,83,612,84,1.05,false
wv3:L08-B:MOB-32:019,ordinary,MOB-32,v3_minotaur,L08,L08-B,surface,54,615,-81,83,615,81,1.05,false
wv3:L08-B:MOB-32:020,ordinary,MOB-32,v3_minotaur,L08,L08-B,surface,54,615,-114,83,615,114,1.05,false
wv3:L08-B:MOB-32:021,ordinary,MOB-32,v3_minotaur,L08,L08-B,surface,54,618,-114,83,618,114,1.05,false
wv3:L08-B:MOB-32:022,ordinary,MOB-32,v3_minotaur,L08,L08-B,surface,54,612,-114,83,612,114,1.05,false
wv3:L08-B:MOB-32:023,ordinary,MOB-32,v3_minotaur,L08,L08-B,surface,54,615,-117,83,615,117,1.05,false
wv3:L08-B:MOB-32:024,ordinary,MOB-32,v3_minotaur,L08,L08-B,surface,54,612,-111,83,612,111,1.05,false
wv3:L08-B:MOB-32:025,ordinary,MOB-32,v3_minotaur,L08,L08-B,surface,54,603,-99,83,603,99,1.05,false
wv3:L08-B:MOB-32:026,ordinary,MOB-32,v3_minotaur,L08,L08-B,surface,55,606,-99,83,606,99,1.05,false
wv3:L08-B:MOB-32:027,ordinary,MOB-32,v3_minotaur,L08,L08-B,surface,55,603,-96,83,603,96,1.05,false
wv3:L08-B:MOB-32:028,ordinary,MOB-32,v3_minotaur,L08,L08-B,surface,55,603,-102,83,603,102,1.05,false
wv3:L08-B:MOB-32:029,ordinary,MOB-32,v3_minotaur,L08,L08-B,surface,55,600,-99,83,600,99,1.05,false
wv3:L08-B:MOB-32:030,ordinary,MOB-32,v3_minotaur,L08,L08-B,surface,55,630,-72,83,630,72,1.05,false
wv3:L08-B:MOB-32:031,ordinary,MOB-32,v3_minotaur,L08,L08-B,surface,55,630,-75,83,630,75,1.05,false
wv3:L08-B:MOB-32:032,ordinary,MOB-32,v3_minotaur,L08,L08-B,surface,55,627,-72,83,627,72,1.05,false
wv3:L08-B:MOB-32:033,ordinary,MOB-32,v3_minotaur,L08,L08-B,surface,55,633,-72,83,633,72,1.05,false
wv3:L08-B:MOB-32:034,ordinary,MOB-32,v3_minotaur,L08,L08-B,surface,55,630,-69,83,630,69,1.05,false
wv3:L08-B:MOB-32:035,ordinary,MOB-32,v3_minotaur,L08,L08-B,surface,56,630,-126,83,630,126,1.05,false
wv3:L08-B:MOB-32:036,ordinary,MOB-32,v3_minotaur,L08,L08-B,surface,56,630,-123,83,630,123,1.05,false
wv3:L08-B:MOB-32:037,ordinary,MOB-32,v3_minotaur,L08,L08-B,surface,56,627,-126,83,627,126,1.05,false
wv3:L08-B:MOB-32:038,ordinary,MOB-32,v3_minotaur,L08,L08-B,surface,56,633,-126,83,633,126,1.05,false
wv3:L08-B:MOB-32:039,ordinary,MOB-32,v3_minotaur,L08,L08-B,surface,56,630,-129,83,630,129,1.05,false
wv3:L08-B:MOB-32:040,ordinary,MOB-32,v3_minotaur,L08,L08-B,surface,56,657,-99,83,657,99,1.05,false
wv3:L08-B:MOB-32:041,ordinary,MOB-32,v3_minotaur,L08,L08-B,surface,56,654,-99,83,654,99,1.05,false
wv3:L08-B:MOB-32:042,ordinary,MOB-32,v3_minotaur,L08,L08-B,surface,56,657,-96,83,657,96,1.05,false
wv3:L08-B:MOB-32:043,ordinary,MOB-32,v3_minotaur,L08,L08-B,surface,57,657,-102,83,657,102,1.05,false
wv3:L08-B:MOB-32:044,ordinary,MOB-32,v3_minotaur,L08,L08-B,surface,57,660,-99,83,660,99,1.05,false
wv3:L08-B:MOB-32:045,ordinary,MOB-32,v3_minotaur,L08,L08-B,surface,57,654,-72,83,654,72,1.05,false
wv3:L08-B:MOB-32:046,ordinary,MOB-32,v3_minotaur,L08,L08-B,surface,57,654,-75,83,654,75,1.05,false
wv3:L08-B:MOB-32:047,ordinary,MOB-32,v3_minotaur,L08,L08-B,surface,57,651,-72,83,651,72,1.05,false
wv3:L08-B:MOB-32:048,ordinary,MOB-32,v3_minotaur,L08,L08-B,surface,57,657,-72,83,657,72,1.05,false
wv3:L08-B:MOB-32:049,ordinary,MOB-32,v3_minotaur,L08,L08-B,surface,57,654,-69,83,654,69,1.05,false
wv3:L08-B:MOB-32:050,ordinary,MOB-32,v3_minotaur,L08,L08-B,surface,57,654,-126,83,654,126,1.05,false
wv3:L08-B:MOB-32:051,ordinary,MOB-32,v3_minotaur,L08,L08-B,surface,57,654,-123,83,654,123,1.05,false
wv3:L08-B:MOB-32:052,ordinary,MOB-32,v3_minotaur,L08,L08-B,surface,58,651,-126,83,651,126,1.05,false
wv3:L08-B:MOB-32:053,ordinary,MOB-32,v3_minotaur,L08,L08-B,surface,58,657,-126,83,657,126,1.05,false
wv3:L08-B:MOB-32:054,ordinary,MOB-32,v3_minotaur,L08,L08-B,surface,58,654,-129,83,654,129,1.05,false
wv3:L08-B:MOB-32:055,ordinary,MOB-32,v3_minotaur,L08,L08-B,surface,58,594,-81,83,594,81,1.05,false
wv3:L08-B:MOB-32:056,ordinary,MOB-32,v3_minotaur,L08,L08-B,surface,58,597,-81,83,597,81,1.05,false
wv3:L08-B:MOB-32:057,ordinary,MOB-32,v3_minotaur,L08,L08-B,surface,58,594,-84,83,594,84,1.05,false
wv3:L08-B:MOB-32:058,ordinary,MOB-32,v3_minotaur,L08,L08-B,surface,58,594,-78,83,594,78,1.05,false
wv3:L08-B:MOB-32:059,ordinary,MOB-32,v3_minotaur,L08,L08-B,surface,58,591,-81,83,591,81,1.05,false
wv3:L08-B:MOB-37:000,ordinary,MOB-37,v3_living_armor,L08,L08-B,surface,60,681,-132,98.523,681,132,0.46,false
wv3:L08-B:MOB-37:001,ordinary,MOB-37,v3_living_armor,L08,L08-B,surface,60,684,-132,99.95,684,132,0.46,false
wv3:L08-B:MOB-37:002,ordinary,MOB-37,v3_living_armor,L08,L08-B,surface,60,681,-135,98.939,681,135,0.46,false
wv3:L08-B:MOB-37:003,ordinary,MOB-37,v3_living_armor,L08,L08-B,surface,60,678,-132,96.284,678,132,0.46,false
wv3:L08-B:MOB-37:004,ordinary,MOB-37,v3_living_armor,L08,L08-B,surface,60,684,-135,100.32,684,135,0.46,false
wv3:L08-B:MOB-37:005,ordinary,MOB-37,v3_living_armor,L08,L08-B,surface,60,696,-144,101.927,696,144,0.46,false
wv3:L08-B:MOB-37:006,ordinary,MOB-37,v3_living_armor,L08,L08-B,surface,60,696,-147,102.245,696,147,0.46,false
wv3:L08-B:MOB-37:007,ordinary,MOB-37,v3_living_armor,L08,L08-B,surface,60,699,-144,101.495,699,144,0.46,false
wv3:L08-B:MOB-37:008,ordinary,MOB-37,v3_living_armor,L08,L08-B,surface,61,699,-141,101.199,699,141,0.46,false
wv3:L08-B:MOB-37:009,ordinary,MOB-37,v3_living_armor,L08,L08-B,surface,61,699,-147,101.795,699,147,0.46,false
wv3:L08-B:MOB-37:010,ordinary,MOB-37,v3_living_armor,L08,L08-B,surface,61,669,-147,89.284,669,147,0.46,false
wv3:L08-B:MOB-37:011,ordinary,MOB-37,v3_living_armor,L08,L08-B,surface,61,669,-144,88.74,669,144,0.46,false
wv3:L08-B:MOB-37:012,ordinary,MOB-37,v3_living_armor,L08,L08-B,surface,61,672,-147,92.391,672,147,0.46,false
wv3:L08-B:MOB-37:013,ordinary,MOB-37,v3_living_armor,L08,L08-B,surface,61,666,-147,86.422,666,147,0.46,false
wv3:L08-B:MOB-37:014,ordinary,MOB-37,v3_living_armor,L08,L08-B,surface,61,669,-150,90.033,669,150,0.46,false
wv3:L08-B:MOB-37:015,ordinary,MOB-37,v3_living_armor,L08,L08-B,surface,62,702,-123,98.705,702,123,0.46,false
wv3:L08-B:MOB-37:016,ordinary,MOB-37,v3_living_armor,L08,L08-B,surface,62,702,-126,98.987,702,126,0.46,false
wv3:L08-B:MOB-37:017,ordinary,MOB-37,v3_living_armor,L08,L08-B,surface,62,702,-120,98.421,702,120,0.46,false
wv3:L08-B:MOB-37:018,ordinary,MOB-37,v3_living_armor,L08,L08-B,surface,62,705,-123,97.52,705,123,0.46,false
wv3:L08-B:MOB-37:019,ordinary,MOB-37,v3_living_armor,L08,L08-B,surface,62,699,-126,99.687,699,126,0.46,false
wv3:L08-B:MOB-37:020,ordinary,MOB-37,v3_living_armor,L08,L08-B,surface,62,669,-114,83.776,669,114,0.46,false
wv3:L08-B:MOB-37:021,ordinary,MOB-37,v3_living_armor,L08,L08-B,surface,62,669,-117,84.225,669,117,0.46,false
wv3:L08-B:MOB-37:022,ordinary,MOB-37,v3_living_armor,L08,L08-B,surface,63,672,-114,86.557,672,114,0.46,false
wv3:L08-B:MOB-37:023,ordinary,MOB-37,v3_living_armor,L08,L08-B,surface,63,669,-111,83.322,669,111,0.46,false
wv3:L08-B:MOB-37:024,ordinary,MOB-37,v3_living_armor,L08,L08-B,surface,63,672,-117,87.079,672,117,0.46,false
wv3:L08-B:MOB-37:025,ordinary,MOB-37,v3_living_armor,L08,L08-B,surface,63,684,-159,103.556,684,159,0.46,false
wv3:L08-B:MOB-37:026,ordinary,MOB-37,v3_living_armor,L08,L08-B,surface,63,684,-156,102.97,684,156,0.46,false
wv3:L08-B:MOB-37:027,ordinary,MOB-37,v3_living_armor,L08,L08-B,surface,63,681,-159,102.905,681,159,0.46,false
wv3:L08-B:MOB-37:028,ordinary,MOB-37,v3_living_armor,L08,L08-B,surface,63,684,-162,104.189,684,162,0.46,false
wv3:L08-B:MOB-37:029,ordinary,MOB-37,v3_living_armor,L08,L08-B,surface,64,681,-156,101.965,681,156,0.46,false
wv3:L08-B:MOB-37:030,ordinary,MOB-37,v3_living_armor,L08,L08-B,surface,64,681,-99,93.901,681,99,0.46,false
wv3:L08-B:MOB-37:031,ordinary,MOB-37,v3_living_armor,L08,L08-B,surface,64,681,-102,94.324,681,102,0.46,false
wv3:L08-B:MOB-37:032,ordinary,MOB-37,v3_living_armor,L08,L08-B,surface,64,684,-99,95.803,684,99,0.46,false
wv3:L08-B:MOB-37:033,ordinary,MOB-37,v3_living_armor,L08,L08-B,surface,64,678,-99,91.082,678,99,0.46,false
wv3:L08-B:MOB-37:034,ordinary,MOB-37,v3_living_armor,L08,L08-B,surface,64,681,-96,93.464,681,96,0.46,false
wv3:L08-B:MOB-37:035,ordinary,MOB-37,v3_living_armor,L08,L08-B,surface,64,717,-135,89.699,717,135,0.46,false
wv3:L08-B:MOB-37:036,ordinary,MOB-37,v3_living_armor,L08,L08-B,surface,65,714,-135,92.4,714,135,0.46,false
wv3:L08-B:MOB-37:037,ordinary,MOB-37,v3_living_armor,L08,L08-B,surface,65,717,-132,89.518,717,132,0.46,false
wv3:L08-B:MOB-37:038,ordinary,MOB-37,v3_living_armor,L08,L08-B,surface,65,717,-138,89.876,717,138,0.46,false
wv3:L08-B:MOB-37:039,ordinary,MOB-37,v3_living_armor,L08,L08-B,surface,65,720,-135,86.784,720,135,0.46,false
wv3:L08-B:MOB-37:040,ordinary,MOB-37,v3_living_armor,L08,L08-B,surface,65,702,-102,96.687,702,102,0.46,false
wv3:L08-B:MOB-37:041,ordinary,MOB-37,v3_living_armor,L08,L08-B,surface,65,702,-105,96.98,702,105,0.46,false
wv3:L08-B:MOB-37:042,ordinary,MOB-37,v3_living_armor,L08,L08-B,surface,65,699,-102,97.215,699,102,0.46,false
wv3:L08-B:MOB-37:043,ordinary,MOB-37,v3_living_armor,L08,L08-B,surface,66,705,-102,95.665,705,102,0.46,false
wv3:L08-B:MOB-37:044,ordinary,MOB-37,v3_living_armor,L08,L08-B,surface,66,702,-99,96.394,702,99,0.46,false
wv3:L08-B:MOB-37:045,ordinary,MOB-37,v3_living_armor,L08,L08-B,surface,66,708,-159,98.536,708,159,0.46,false
wv3:L08-B:MOB-37:046,ordinary,MOB-37,v3_living_armor,L08,L08-B,surface,66,708,-156,98.428,708,156,0.46,false
wv3:L08-B:MOB-37:047,ordinary,MOB-37,v3_living_armor,L08,L08-B,surface,66,705,-159,100.403,705,159,0.46,false
wv3:L08-B:MOB-37:048,ordinary,MOB-37,v3_living_armor,L08,L08-B,surface,66,711,-159,96.282,711,159,0.46,false
wv3:L08-B:MOB-37:049,ordinary,MOB-37,v3_living_armor,L08,L08-B,surface,66,708,-162,98.523,708,162,0.46,false
wv3:L09-A:MOB-30:000,ordinary,MOB-30,cultist,L09,L09-A,surface,48,522,-189,99.421,522,189,0.46,false
wv3:L09-A:MOB-30:001,ordinary,MOB-30,cultist,L09,L09-A,surface,48,525,-189,100,525,189,0.46,false
wv3:L09-A:MOB-30:002,ordinary,MOB-30,cultist,L09,L09-A,surface,48,519,-189,98.972,519,189,0.46,false
wv3:L09-A:MOB-30:003,ordinary,MOB-30,cultist,L09,L09-A,surface,48,522,-186,96.056,522,186,0.46,false
wv3:L09-A:MOB-30:004,ordinary,MOB-30,cultist,L09,L09-A,surface,48,525,-186,96.63,525,186,0.46,false
wv3:L09-A:MOB-30:005,ordinary,MOB-30,cultist,L09,L09-A,surface,49,531,-207,125.929,531,207,0.46,false
wv3:L09-A:MOB-30:006,ordinary,MOB-30,cultist,L09,L09-A,surface,49,534,-207,126.409,534,207,0.46,false
wv3:L09-A:MOB-30:007,ordinary,MOB-30,cultist,L09,L09-A,surface,49,531,-210,129.202,531,210,0.46,false
wv3:L09-A:MOB-30:008,ordinary,MOB-30,cultist,L09,L09-A,surface,49,528,-210,128.868,528,210,0.46,false
wv3:L09-A:MOB-30:009,ordinary,MOB-30,cultist,L09,L09-A,surface,49,534,-210,129.505,534,210,0.46,false
wv3:L09-A:MOB-30:010,ordinary,MOB-30,cultist,L09,L09-A,surface,50,543,-186,101.635,543,186,0.46,false
wv3:L09-A:MOB-30:011,ordinary,MOB-30,cultist,L09,L09-A,surface,50,540,-186,100.702,540,186,0.46,false
wv3:L09-A:MOB-30:012,ordinary,MOB-30,cultist,L09,L09-A,surface,50,543,-183,98.292,543,183,0.46,false
wv3:L09-A:MOB-30:013,ordinary,MOB-30,cultist,L09,L09-A,surface,50,546,-186,102.561,546,186,0.46,false
wv3:L09-A:MOB-30:014,ordinary,MOB-30,cultist,L09,L09-A,surface,50,540,-183,97.389,540,183,0.46,false
wv3:L09-A:MOB-30:015,ordinary,MOB-30,cultist,L09,L09-A,surface,51,510,-213,130.415,510,213,0.46,false
wv3:L09-A:MOB-30:016,ordinary,MOB-30,cultist,L09,L09-A,surface,51,513,-213,130.664,513,213,0.46,false
wv3:L09-A:MOB-30:017,ordinary,MOB-30,cultist,L09,L09-A,surface,51,507,-213,130.162,507,213,0.46,false
wv3:L09-A:MOB-30:018,ordinary,MOB-30,cultist,L09,L09-A,surface,51,510,-216,133.553,510,216,0.46,false
wv3:L09-A:MOB-30:019,ordinary,MOB-30,cultist,L09,L09-A,surface,51,513,-216,133.673,513,216,0.46,false
wv3:L09-A:MOB-30:020,ordinary,MOB-30,cultist,L09,L09-A,surface,52,552,-204,125.759,552,204,0.46,false
wv3:L09-A:MOB-30:021,ordinary,MOB-30,cultist,L09,L09-A,surface,52,549,-204,125.431,549,204,0.46,false
wv3:L09-A:MOB-30:022,ordinary,MOB-30,cultist,L09,L09-A,surface,52,552,-201,122.688,552,201,0.46,false
wv3:L09-A:MOB-30:023,ordinary,MOB-30,cultist,L09,L09-A,surface,52,552,-207,128.211,552,207,0.46,false
wv3:L09-A:MOB-30:024,ordinary,MOB-30,cultist,L09,L09-A,surface,52,555,-204,126.021,555,204,0.46,false
wv3:L09-A:MOB-30:025,ordinary,MOB-30,cultist,L09,L09-A,surface,53,531,-231,136.984,531,231,0.46,false
wv3:L09-A:MOB-30:026,ordinary,MOB-30,cultist,L09,L09-A,surface,53,534,-231,136.33,534,231,0.46,false
wv3:L09-A:MOB-30:027,ordinary,MOB-30,cultist,L09,L09-A,surface,53,531,-234,136.709,531,234,0.46,false
wv3:L09-A:MOB-30:028,ordinary,MOB-30,cultist,L09,L09-A,surface,53,528,-234,137.439,528,234,0.46,false
wv3:L09-A:MOB-30:029,ordinary,MOB-30,cultist,L09,L09-A,surface,53,534,-234,135.936,534,234,0.46,false
wv3:L09-A:MOB-30:030,ordinary,MOB-30,cultist,L09,L09-A,surface,54,552,-168,86.369,552,168,0.46,false
wv3:L09-A:MOB-30:031,ordinary,MOB-30,cultist,L09,L09-A,surface,54,552,-171,88.509,552,171,0.46,false
wv3:L09-A:MOB-30:032,ordinary,MOB-30,cultist,L09,L09-A,surface,54,552,-165,84.23,552,165,0.46,false
wv3:L09-A:MOB-30:033,ordinary,MOB-30,cultist,L09,L09-A,surface,54,555,-168,87.216,555,168,0.46,false
wv3:L09-A:MOB-30:034,ordinary,MOB-30,cultist,L09,L09-A,surface,54,549,-171,87.628,549,171,0.46,false
wv3:L09-A:MOB-38:000,ordinary,MOB-38,v3_ash_imp,L09,L09-A,surface,63,576,-225,126.601,576,225,0.46,false
wv3:L09-A:MOB-38:001,ordinary,MOB-38,v3_ash_imp,L09,L09-A,surface,63,579,-225,125.525,579,225,0.46,false
wv3:L09-A:MOB-38:002,ordinary,MOB-38,v3_ash_imp,L09,L09-A,surface,63,576,-228,125.241,576,228,0.46,false
wv3:L09-A:MOB-38:003,ordinary,MOB-38,v3_ash_imp,L09,L09-A,surface,63,576,-222,127.533,576,222,0.46,false
wv3:L09-A:MOB-38:004,ordinary,MOB-38,v3_ash_imp,L09,L09-A,surface,63,573,-225,127.622,573,225,0.46,false
wv3:L09-A:MOB-38:005,ordinary,MOB-38,v3_ash_imp,L09,L09-A,surface,64,594,-234,110.119,594,234,0.46,false
wv3:L09-A:MOB-38:006,ordinary,MOB-38,v3_ash_imp,L09,L09-A,surface,64,591,-234,112.225,591,234,0.46,false
wv3:L09-A:MOB-38:007,ordinary,MOB-38,v3_ash_imp,L09,L09-A,surface,64,588,-234,114.297,588,234,0.46,false
wv3:L09-A:MOB-38:008,ordinary,MOB-38,v3_ash_imp,L09,L09-A,surface,64,588,-231,116.858,588,231,0.46,false
wv3:L09-A:MOB-38:009,ordinary,MOB-38,v3_ash_imp,L09,L09-A,surface,64,591,-213,125.034,591,213,0.46,false
wv3:L09-A:MOB-38:010,ordinary,MOB-38,v3_ash_imp,L09,L09-A,surface,65,591,-216,124.638,591,216,0.46,false
wv3:L09-A:MOB-38:011,ordinary,MOB-38,v3_ash_imp,L09,L09-A,surface,65,594,-213,124.341,594,213,0.46,false
wv3:L09-A:MOB-38:012,ordinary,MOB-38,v3_ash_imp,L09,L09-A,surface,65,588,-216,125.435,588,216,0.46,false
wv3:L09-A:MOB-38:013,ordinary,MOB-38,v3_ash_imp,L09,L09-A,surface,65,594,-216,123.767,594,216,0.46,false
wv3:L09-A:MOB-38:014,ordinary,MOB-38,v3_ash_imp,L09,L09-A,surface,65,576,-246,156.506,576,246,0.46,false
wv3:L09-A:MOB-38:015,ordinary,MOB-38,v3_ash_imp,L09,L09-A,surface,66,576,-243,154.307,576,243,0.46,false
wv3:L09-A:MOB-38:016,ordinary,MOB-38,v3_ash_imp,L09,L09-A,surface,66,579,-246,156.215,579,246,0.46,false
wv3:L09-A:MOB-38:017,ordinary,MOB-38,v3_ash_imp,L09,L09-A,surface,66,573,-246,156.63,573,246,0.46,false
wv3:L09-A:MOB-38:018,ordinary,MOB-38,v3_ash_imp,L09,L09-A,surface,66,576,-249,157.853,576,249,0.46,false
wv3:L09-A:MOB-38:019,ordinary,MOB-38,v3_ash_imp,L09,L09-A,surface,66,558,-234,128.675,558,234,0.46,false
wv3:L09-A:MOB-38:020,ordinary,MOB-38,v3_ash_imp,L09,L09-A,surface,67,561,-234,127.631,561,234,0.46,false
wv3:L09-A:MOB-38:021,ordinary,MOB-38,v3_ash_imp,L09,L09-A,surface,67,558,-231,130.125,558,231,0.46,false
wv3:L09-A:MOB-38:022,ordinary,MOB-38,v3_ash_imp,L09,L09-A,surface,67,555,-234,129.671,555,234,0.46,false
wv3:L09-A:MOB-38:023,ordinary,MOB-38,v3_ash_imp,L09,L09-A,surface,67,561,-231,129.208,561,231,0.46,false
wv3:L09-A:MOB-38:024,ordinary,MOB-38,v3_ash_imp,L09,L09-A,surface,67,573,-204,126.499,573,204,0.46,false
wv3:L09-A:MOB-38:025,ordinary,MOB-38,v3_ash_imp,L09,L09-A,surface,68,573,-207,127.889,573,207,0.46,false
wv3:L09-A:MOB-38:026,ordinary,MOB-38,v3_ash_imp,L09,L09-A,surface,68,576,-204,126.366,576,204,0.46,false
wv3:L09-A:MOB-38:027,ordinary,MOB-38,v3_ash_imp,L09,L09-A,surface,68,570,-204,126.535,570,204,0.46,false
wv3:L09-A:MOB-38:028,ordinary,MOB-38,v3_ash_imp,L09,L09-A,surface,68,573,-201,124.629,573,201,0.46,false
wv3:L09-A:MOB-38:029,ordinary,MOB-38,v3_ash_imp,L09,L09-A,surface,68,609,-222,113.53,609,222,0.46,false
wv3:L09-A:MOB-38:030,ordinary,MOB-38,v3_ash_imp,L09,L09-A,surface,69,606,-222,115.065,606,222,0.46,false
wv3:L09-A:MOB-38:031,ordinary,MOB-38,v3_ash_imp,L09,L09-A,surface,69,609,-225,110.509,609,225,0.46,false
wv3:L09-A:MOB-38:032,ordinary,MOB-38,v3_ash_imp,L09,L09-A,surface,69,609,-219,116.188,609,219,0.46,false
wv3:L09-A:MOB-38:033,ordinary,MOB-38,v3_ash_imp,L09,L09-A,surface,69,612,-222,112.016,612,222,0.46,false
wv3:L09-A:MOB-38:034,ordinary,MOB-38,v3_ash_imp,L09,L09-A,surface,69,594,-255,160.054,594,255,0.46,false
wv3:L09-B:MOB-39:000,ordinary,MOB-39,fire_golem,L09,L09-B,surface,66,531,-336,208.706,531,336,1.05,false
wv3:L09-B:MOB-39:001,ordinary,MOB-39,fire_golem,L09,L09-B,surface,66,528,-336,209.343,528,336,1.05,false
wv3:L09-B:MOB-39:002,ordinary,MOB-39,fire_golem,L09,L09-B,surface,66,528,-333,211.951,528,333,1.05,false
wv3:L09-B:MOB-39:003,ordinary,MOB-39,fire_golem,L09,L09-B,surface,66,534,-333,209.013,534,333,1.05,false
wv3:L09-B:MOB-39:004,ordinary,MOB-39,fire_golem,L09,L09-B,surface,66,525,-336,210.46,525,336,1.05,false
wv3:L09-B:MOB-39:005,ordinary,MOB-39,fire_golem,L09,L09-B,surface,66,519,-351,213.174,519,351,1.05,false
wv3:L09-B:MOB-39:006,ordinary,MOB-39,fire_golem,L09,L09-B,surface,67,516,-351,213.414,516,351,1.05,false
wv3:L09-B:MOB-39:007,ordinary,MOB-39,fire_golem,L09,L09-B,surface,67,525,-348,210.953,525,348,1.05,false
wv3:L09-B:MOB-39:008,ordinary,MOB-39,fire_golem,L09,L09-B,surface,67,540,-354,223.844,540,354,1.05,false
wv3:L09-B:MOB-39:009,ordinary,MOB-39,fire_golem,L09,L09-B,surface,67,537,-354,223.112,537,354,1.05,false
wv3:L09-B:MOB-39:010,ordinary,MOB-39,fire_golem,L09,L09-B,surface,67,543,-354,224.633,543,354,1.05,false
wv3:L09-B:MOB-39:011,ordinary,MOB-39,fire_golem,L09,L09-B,surface,67,540,-357,223.751,540,357,1.05,false
wv3:L09-B:MOB-39:012,ordinary,MOB-39,fire_golem,L09,L09-B,surface,68,537,-357,223.138,537,357,1.05,false
wv3:L09-B:MOB-39:013,ordinary,MOB-39,fire_golem,L09,L09-B,surface,68,552,-339,205.148,552,339,1.05,false
wv3:L09-B:MOB-39:014,ordinary,MOB-39,fire_golem,L09,L09-B,surface,68,552,-342,205.919,552,342,1.05,false
wv3:L09-B:MOB-39:015,ordinary,MOB-39,fire_golem,L09,L09-B,surface,68,555,-339,204.694,555,339,1.05,false
wv3:L09-B:MOB-39:016,ordinary,MOB-39,fire_golem,L09,L09-B,surface,68,549,-342,206.024,549,342,1.05,false
wv3:L09-B:MOB-39:017,ordinary,MOB-39,fire_golem,L09,L09-B,surface,68,555,-342,205.878,555,342,1.05,false
wv3:L09-B:MOB-39:018,ordinary,MOB-39,fire_golem,L09,L09-B,surface,69,504,-339,218.164,504,339,1.05,false
wv3:L09-B:MOB-39:019,ordinary,MOB-39,fire_golem,L09,L09-B,surface,69,507,-339,216.565,507,339,1.05,false
wv3:L09-B:MOB-39:020,ordinary,MOB-39,fire_golem,L09,L09-B,surface,69,504,-342,215.332,504,342,1.05,false
wv3:L09-B:MOB-39:021,ordinary,MOB-39,fire_golem,L09,L09-B,surface,69,507,-342,213.836,507,342,1.05,false
wv3:L09-B:MOB-39:022,ordinary,MOB-39,fire_golem,L09,L09-B,surface,69,501,-342,216.591,501,342,1.05,false
wv3:L09-B:MOB-39:023,ordinary,MOB-39,fire_golem,L09,L09-B,surface,70,528,-369,220.81,528,369,1.05,false
wv3:L09-B:MOB-39:024,ordinary,MOB-39,fire_golem,L09,L09-B,surface,70,528,-366,221.395,528,366,1.05,false
wv3:L09-B:MOB-39:025,ordinary,MOB-39,fire_golem,L09,L09-B,surface,70,531,-369,221.404,531,369,1.05,false
wv3:L09-B:MOB-39:026,ordinary,MOB-39,fire_golem,L09,L09-B,surface,70,525,-369,220.707,525,369,1.05,false
wv3:L09-B:MOB-39:027,ordinary,MOB-39,fire_golem,L09,L09-B,surface,70,528,-372,219.712,528,372,1.05,false
wv3:L09-B:MOB-39:028,ordinary,MOB-39,fire_golem,L09,L09-B,surface,70,504,-363,219.394,504,363,1.05,false
wv3:L09-B:MOB-39:029,ordinary,MOB-39,fire_golem,L09,L09-B,surface,71,507,-363,219.611,507,363,1.05,false
wv3:L09-B:MOB-39:030,ordinary,MOB-39,fire_golem,L09,L09-B,surface,71,504,-360,217.891,504,360,1.05,false
wv3:L09-B:MOB-39:031,ordinary,MOB-39,fire_golem,L09,L09-B,surface,71,501,-363,219.835,501,363,1.05,false
wv3:L09-B:MOB-39:032,ordinary,MOB-39,fire_golem,L09,L09-B,surface,71,501,-360,217.445,501,360,1.05,false
wv3:L09-B:MOB-39:033,ordinary,MOB-39,fire_golem,L09,L09-B,surface,71,561,-357,230.533,561,357,1.05,false
wv3:L09-B:MOB-39:034,ordinary,MOB-39,fire_golem,L09,L09-B,surface,71,558,-357,229.192,558,357,1.05,false
wv3:L09-B:MOB-39:035,ordinary,MOB-39,fire_golem,L09,L09-B,surface,72,561,-354,231.663,561,354,1.05,false
wv3:L09-B:MOB-39:036,ordinary,MOB-39,fire_golem,L09,L09-B,surface,72,561,-360,228.487,561,360,1.05,false
wv3:L09-B:MOB-39:037,ordinary,MOB-39,fire_golem,L09,L09-B,surface,72,564,-357,231.928,564,357,1.05,false
wv3:L09-B:MOB-39:038,ordinary,MOB-39,fire_golem,L09,L09-B,surface,72,564,-324,202.697,564,324,1.05,false
wv3:L09-B:MOB-39:039,ordinary,MOB-39,fire_golem,L09,L09-B,surface,72,567,-324,201.952,567,324,1.05,false
wv3:L09-B:MOB-40:000,ordinary,MOB-40,v3_basalt_centipede,L09,L09-B,surface,68,585,-369,230.982,585,369,0.46,false
wv3:L09-B:MOB-40:001,ordinary,MOB-40,v3_basalt_centipede,L09,L09-B,surface,68,582,-369,230.204,582,369,0.46,false
wv3:L09-B:MOB-40:002,ordinary,MOB-40,v3_basalt_centipede,L09,L09-B,surface,68,588,-369,231.212,588,369,0.46,false
wv3:L09-B:MOB-40:003,ordinary,MOB-40,v3_basalt_centipede,L09,L09-B,surface,68,579,-369,229.691,579,369,0.46,false
wv3:L09-B:MOB-40:004,ordinary,MOB-40,v3_basalt_centipede,L09,L09-B,surface,68,591,-369,231.417,591,369,0.46,false
wv3:L09-B:MOB-40:005,ordinary,MOB-40,v3_basalt_centipede,L09,L09-B,surface,69,573,-384,227.418,573,384,0.46,false
wv3:L09-B:MOB-40:006,ordinary,MOB-40,v3_basalt_centipede,L09,L09-B,surface,69,573,-381,227.905,573,381,0.46,false
wv3:L09-B:MOB-40:007,ordinary,MOB-40,v3_basalt_centipede,L09,L09-B,surface,69,576,-384,228.256,576,384,0.46,false
wv3:L09-B:MOB-40:008,ordinary,MOB-40,v3_basalt_centipede,L09,L09-B,surface,69,570,-384,226.484,570,384,0.46,false
wv3:L09-B:MOB-40:009,ordinary,MOB-40,v3_basalt_centipede,L09,L09-B,surface,70,573,-387,226.606,573,387,0.46,false
wv3:L09-B:MOB-40:010,ordinary,MOB-40,v3_basalt_centipede,L09,L09-B,surface,70,597,-384,232.18,597,384,0.46,false
wv3:L09-B:MOB-40:011,ordinary,MOB-40,v3_basalt_centipede,L09,L09-B,surface,70,594,-384,231.609,594,384,0.46,false
wv3:L09-B:MOB-40:012,ordinary,MOB-40,v3_basalt_centipede,L09,L09-B,surface,70,600,-384,232.722,600,384,0.46,false
wv3:L09-B:MOB-40:013,ordinary,MOB-40,v3_basalt_centipede,L09,L09-B,surface,71,597,-387,232.021,597,387,0.46,false
wv3:L09-B:MOB-40:014,ordinary,MOB-40,v3_basalt_centipede,L09,L09-B,surface,71,594,-387,231.498,594,387,0.46,false
wv3:L09-B:MOB-40:015,ordinary,MOB-40,v3_basalt_centipede,L09,L09-B,surface,71,612,-372,234.031,612,372,0.46,false
wv3:L09-B:MOB-40:016,ordinary,MOB-40,v3_basalt_centipede,L09,L09-B,surface,71,609,-372,233.351,609,372,0.46,false
wv3:L09-B:MOB-40:017,ordinary,MOB-40,v3_basalt_centipede,L09,L09-B,surface,71,612,-375,233.653,612,375,0.46,false
wv3:L09-B:MOB-40:018,ordinary,MOB-40,v3_basalt_centipede,L09,L09-B,surface,72,615,-372,235.347,615,372,0.46,false
wv3:L09-B:MOB-40:019,ordinary,MOB-40,v3_basalt_centipede,L09,L09-B,surface,72,609,-375,233.416,609,375,0.46,false
wv3:L09-B:MOB-40:020,ordinary,MOB-40,v3_basalt_centipede,L09,L09-B,surface,72,585,-399,222.897,585,399,0.46,false
wv3:L09-B:MOB-40:021,ordinary,MOB-40,v3_basalt_centipede,L09,L09-B,surface,72,585,-396,225.254,585,396,0.46,false
wv3:L09-B:MOB-40:022,ordinary,MOB-40,v3_basalt_centipede,L09,L09-B,surface,73,582,-399,222.167,582,399,0.46,false
wv3:L09-B:MOB-40:023,ordinary,MOB-40,v3_basalt_centipede,L09,L09-B,surface,73,588,-399,223.586,588,399,0.46,false
wv3:L09-B:MOB-40:024,ordinary,MOB-40,v3_basalt_centipede,L09,L09-B,surface,73,585,-402,220.857,585,402,0.46,false
wv3:L09-B:MOB-40:025,ordinary,MOB-40,v3_basalt_centipede,L09,L09-B,surface,73,579,-339,206.736,579,339,0.46,false
wv3:L09-B:MOB-40:026,ordinary,MOB-40,v3_basalt_centipede,L09,L09-B,surface,74,576,-339,206.087,576,339,0.46,false
wv3:L09-B:MOB-40:027,ordinary,MOB-40,v3_basalt_centipede,L09,L09-B,surface,74,579,-336,203.552,579,336,0.46,false
wv3:L09-B:MOB-40:028,ordinary,MOB-40,v3_basalt_centipede,L09,L09-B,surface,74,582,-336,204.076,582,336,0.46,false
wv3:L09-B:MOB-40:029,ordinary,MOB-40,v3_basalt_centipede,L09,L09-B,surface,74,576,-336,203.147,576,336,0.46,false
wv3:L09-B:MOB-41:000,ordinary,MOB-41,v3_lava_elemental,L09,L09-B,surface,72,639,-402,237.969,639,402,1.05,false
wv3:L09-B:MOB-41:001,ordinary,MOB-41,v3_lava_elemental,L09,L09-B,surface,72,642,-402,238.555,642,402,1.05,false
wv3:L09-B:MOB-41:002,ordinary,MOB-41,v3_lava_elemental,L09,L09-B,surface,72,639,-399,238.348,639,399,1.05,false
wv3:L09-B:MOB-41:003,ordinary,MOB-41,v3_lava_elemental,L09,L09-B,surface,72,639,-405,237.489,639,405,1.05,false
wv3:L09-B:MOB-41:004,ordinary,MOB-41,v3_lava_elemental,L09,L09-B,surface,72,636,-402,237.314,636,402,1.05,false
wv3:L09-B:MOB-41:005,ordinary,MOB-41,v3_lava_elemental,L09,L09-B,surface,73,654,-414,238.499,654,414,1.05,false
wv3:L09-B:MOB-41:006,ordinary,MOB-41,v3_lava_elemental,L09,L09-B,surface,73,651,-414,238.495,651,414,1.05,false
wv3:L09-B:MOB-41:007,ordinary,MOB-41,v3_lava_elemental,L09,L09-B,surface,73,654,-411,238.624,654,411,1.05,false
wv3:L09-B:MOB-41:008,ordinary,MOB-41,v3_lava_elemental,L09,L09-B,surface,73,654,-417,238.294,654,417,1.05,false
wv3:L09-B:MOB-41:009,ordinary,MOB-41,v3_lava_elemental,L09,L09-B,surface,74,657,-414,238.585,657,414,1.05,false
wv3:L09-B:MOB-41:010,ordinary,MOB-41,v3_lava_elemental,L09,L09-B,surface,74,651,-387,241.079,651,387,1.05,false
wv3:L09-B:MOB-41:011,ordinary,MOB-41,v3_lava_elemental,L09,L09-B,surface,74,654,-387,241.732,654,387,1.05,false
wv3:L09-B:MOB-41:012,ordinary,MOB-41,v3_lava_elemental,L09,L09-B,surface,74,651,-384,243.049,651,384,1.05,false
wv3:L09-B:MOB-41:013,ordinary,MOB-41,v3_lava_elemental,L09,L09-B,surface,75,648,-384,241.877,648,384,1.05,false
wv3:L09-B:MOB-41:014,ordinary,MOB-41,v3_lava_elemental,L09,L09-B,surface,75,654,-384,244.154,654,384,1.05,false
wv3:L09-B:MOB-41:015,ordinary,MOB-41,v3_lava_elemental,L09,L09-B,surface,75,624,-390,236.478,624,390,1.05,false
wv3:L09-B:MOB-41:016,ordinary,MOB-41,v3_lava_elemental,L09,L09-B,surface,75,624,-393,236.133,624,393,1.05,false
wv3:L09-B:MOB-41:017,ordinary,MOB-41,v3_lava_elemental,L09,L09-B,surface,75,621,-390,235.929,621,390,1.05,false
wv3:L09-B:MOB-41:018,ordinary,MOB-41,v3_lava_elemental,L09,L09-B,surface,76,627,-393,236.738,627,393,1.05,false
wv3:L09-B:MOB-41:019,ordinary,MOB-41,v3_lava_elemental,L09,L09-B,surface,76,621,-393,235.627,621,393,1.05,false
wv3:L09-B:MOB-41:020,ordinary,MOB-41,v3_lava_elemental,L09,L09-B,surface,76,636,-423,229.762,636,423,1.05,false
wv3:L09-B:MOB-41:021,ordinary,MOB-41,v3_lava_elemental,L09,L09-B,surface,76,636,-420,231.672,636,420,1.05,false
wv3:L09-B:MOB-41:022,ordinary,MOB-41,v3_lava_elemental,L09,L09-B,surface,77,639,-423,231.601,639,423,1.05,false
wv3:L09-B:MOB-41:023,ordinary,MOB-41,v3_lava_elemental,L09,L09-B,surface,77,636,-426,227.398,636,426,1.05,false
wv3:L09-B:MOB-41:024,ordinary,MOB-41,v3_lava_elemental,L09,L09-B,surface,77,639,-420,233.34,639,420,1.05,false
wv3:L09-B:MOB-41:025,ordinary,MOB-41,v3_lava_elemental,L09,L09-B,surface,77,612,-405,226.443,612,405,1.05,false
wv3:L09-B:MOB-41:026,ordinary,MOB-41,v3_lava_elemental,L09,L09-B,surface,78,615,-405,227.897,615,405,1.05,false
wv3:L09-B:MOB-41:027,ordinary,MOB-41,v3_lava_elemental,L09,L09-B,surface,78,612,-402,228.709,612,402,1.05,false
wv3:L09-B:MOB-41:028,ordinary,MOB-41,v3_lava_elemental,L09,L09-B,surface,78,609,-405,225.098,609,405,1.05,false
wv3:L09-B:MOB-41:029,ordinary,MOB-41,v3_lava_elemental,L09,L09-B,surface,78,615,-402,230.042,615,402,1.05,false
wv3:L09-C:MOB-42:000,ordinary,MOB-42,v3_demon_executioner,L09,L09-C,surface,75,561,-549,209.867,561,549,1.05,false
wv3:L09-C:MOB-42:001,ordinary,MOB-42,v3_demon_executioner,L09,L09-C,surface,75,561,-546,211.983,561,546,1.05,false
wv3:L09-C:MOB-42:002,ordinary,MOB-42,v3_demon_executioner,L09,L09-C,surface,75,564,-549,208.879,564,549,1.05,false
wv3:L09-C:MOB-42:003,ordinary,MOB-42,v3_demon_executioner,L09,L09-C,surface,75,564,-546,211.36,564,546,1.05,false
wv3:L09-C:MOB-42:004,ordinary,MOB-42,v3_demon_executioner,L09,L09-C,surface,75,561,-543,213.679,561,543,1.05,false
wv3:L09-C:MOB-42:005,ordinary,MOB-42,v3_demon_executioner,L09,L09-C,surface,75,525,-549,211.245,525,549,1.05,false
wv3:L09-C:MOB-42:006,ordinary,MOB-42,v3_demon_executioner,L09,L09-C,surface,76,522,-549,210.882,522,549,1.05,false
wv3:L09-C:MOB-42:007,ordinary,MOB-42,v3_demon_executioner,L09,L09-C,surface,76,525,-546,212.92,525,546,1.05,false
wv3:L09-C:MOB-42:008,ordinary,MOB-42,v3_demon_executioner,L09,L09-C,surface,76,522,-546,212.662,522,546,1.05,false
wv3:L09-C:MOB-42:009,ordinary,MOB-42,v3_demon_executioner,L09,L09-C,surface,76,525,-543,214.198,525,543,1.05,false
wv3:L09-C:MOB-42:010,ordinary,MOB-42,v3_demon_executioner,L09,L09-C,surface,76,531,-606,273.667,531,606,1.05,false
wv3:L09-C:MOB-42:011,ordinary,MOB-42,v3_demon_executioner,L09,L09-C,surface,76,534,-606,273.732,534,606,1.05,false
wv3:L09-C:MOB-42:012,ordinary,MOB-42,v3_demon_executioner,L09,L09-C,surface,77,528,-606,273.626,528,606,1.05,false
wv3:L09-C:MOB-42:013,ordinary,MOB-42,v3_demon_executioner,L09,L09-C,surface,77,531,-609,276.663,531,609,1.05,false
wv3:L09-C:MOB-42:014,ordinary,MOB-42,v3_demon_executioner,L09,L09-C,surface,77,534,-609,276.834,534,609,1.05,false
wv3:L09-C:MOB-42:015,ordinary,MOB-42,v3_demon_executioner,L09,L09-C,surface,77,543,-537,216,543,537,1.05,false
wv3:L09-C:MOB-42:016,ordinary,MOB-42,v3_demon_executioner,L09,L09-C,surface,77,543,-540,215.459,543,540,1.05,false
wv3:L09-C:MOB-42:017,ordinary,MOB-42,v3_demon_executioner,L09,L09-C,surface,77,540,-537,216,540,537,1.05,false
wv3:L09-C:MOB-42:018,ordinary,MOB-42,v3_demon_executioner,L09,L09-C,surface,78,546,-537,216,546,537,1.05,false
wv3:L09-C:MOB-42:019,ordinary,MOB-42,v3_demon_executioner,L09,L09-C,surface,78,543,-534,216,543,534,1.05,false
wv3:L09-C:MOB-42:020,ordinary,MOB-42,v3_demon_executioner,L09,L09-C,surface,78,567,-606,279.196,567,606,1.05,false
wv3:L09-C:MOB-42:021,ordinary,MOB-42,v3_demon_executioner,L09,L09-C,surface,78,570,-606,280.732,570,606,1.05,false
wv3:L09-C:MOB-42:022,ordinary,MOB-42,v3_demon_executioner,L09,L09-C,surface,78,567,-609,281.761,567,609,1.05,false
wv3:L09-C:MOB-42:023,ordinary,MOB-42,v3_demon_executioner,L09,L09-C,surface,79,564,-609,280.386,564,609,1.05,false
wv3:L09-C:MOB-42:024,ordinary,MOB-42,v3_demon_executioner,L09,L09-C,surface,79,570,-609,282.983,570,609,1.05,false
wv3:L09-C:MOB-42:025,ordinary,MOB-42,v3_demon_executioner,L09,L09-C,surface,79,510,-603,270.884,510,603,1.05,false
wv3:L09-C:MOB-42:026,ordinary,MOB-42,v3_demon_executioner,L09,L09-C,surface,79,513,-603,270.596,513,603,1.05,false
wv3:L09-C:MOB-42:027,ordinary,MOB-42,v3_demon_executioner,L09,L09-C,surface,79,510,-606,273.772,510,606,1.05,false
wv3:L09-C:MOB-42:028,ordinary,MOB-42,v3_demon_executioner,L09,L09-C,surface,79,507,-603,271.151,507,603,1.05,false
wv3:L09-C:MOB-42:029,ordinary,MOB-42,v3_demon_executioner,L09,L09-C,surface,80,513,-606,273.719,513,606,1.05,false
wv3:L09-C:MOB-42:030,ordinary,MOB-42,v3_demon_executioner,L09,L09-C,surface,80,576,-540,214.247,576,540,1.05,false
wv3:L09-C:MOB-42:031,ordinary,MOB-42,v3_demon_executioner,L09,L09-C,surface,80,573,-540,214.437,573,540,1.05,false
wv3:L09-C:MOB-42:032,ordinary,MOB-42,v3_demon_executioner,L09,L09-C,surface,80,576,-537,216,576,537,1.05,false
wv3:L09-C:MOB-42:033,ordinary,MOB-42,v3_demon_executioner,L09,L09-C,surface,80,573,-543,211.92,573,543,1.05,false
wv3:L09-C:MOB-42:034,ordinary,MOB-42,v3_demon_executioner,L09,L09-C,surface,80,573,-537,216,573,537,1.05,false
wv3:L09-C:MOB-42:035,ordinary,MOB-42,v3_demon_executioner,L09,L09-C,surface,81,525,-528,216,525,528,1.05,false
wv3:L09-C:MOB-42:036,ordinary,MOB-42,v3_demon_executioner,L09,L09-C,surface,81,525,-531,216,525,531,1.05,false
wv3:L09-C:MOB-42:037,ordinary,MOB-42,v3_demon_executioner,L09,L09-C,surface,81,528,-528,216,528,528,1.05,false
wv3:L09-C:MOB-42:038,ordinary,MOB-42,v3_demon_executioner,L09,L09-C,surface,81,522,-528,216,522,528,1.05,false
wv3:L09-C:MOB-42:039,ordinary,MOB-42,v3_demon_executioner,L09,L09-C,surface,81,525,-525,216,525,525,1.05,false
wv3:L09-C:MOB-47:000,ordinary,MOB-47,v3_void_devourer,L09,L09-C,surface,84,600,-609,286.761,600,609,1.05,false
wv3:L09-C:MOB-47:001,ordinary,MOB-47,v3_void_devourer,L09,L09-C,surface,84,603,-609,286.951,603,609,1.05,false
wv3:L09-C:MOB-47:002,ordinary,MOB-47,v3_void_devourer,L09,L09-C,surface,84,600,-612,286.871,600,612,1.05,false
wv3:L09-C:MOB-47:003,ordinary,MOB-47,v3_void_devourer,L09,L09-C,surface,84,603,-606,286.944,603,606,1.05,false
wv3:L09-C:MOB-47:004,ordinary,MOB-47,v3_void_devourer,L09,L09-C,surface,84,597,-612,286.721,597,612,1.05,false
wv3:L09-C:MOB-47:005,ordinary,MOB-47,v3_void_devourer,L09,L09-C,surface,85,600,-588,282.001,600,588,1.05,false
wv3:L09-C:MOB-47:006,ordinary,MOB-47,v3_void_devourer,L09,L09-C,surface,85,600,-591,284.536,600,591,1.05,false
wv3:L09-C:MOB-47:007,ordinary,MOB-47,v3_void_devourer,L09,L09-C,surface,85,603,-588,283.93,603,588,1.05,false
wv3:L09-C:MOB-47:008,ordinary,MOB-47,v3_void_devourer,L09,L09-C,surface,85,597,-591,282.739,597,591,1.05,false
wv3:L09-C:MOB-47:009,ordinary,MOB-47,v3_void_devourer,L09,L09-C,surface,86,603,-591,286.037,603,591,1.05,false
wv3:L09-C:MOB-47:010,ordinary,MOB-47,v3_void_devourer,L09,L09-C,surface,86,585,-621,286.135,585,621,1.05,false
wv3:L09-C:MOB-47:011,ordinary,MOB-47,v3_void_devourer,L09,L09-C,surface,86,585,-618,286.39,585,618,1.05,false
wv3:L09-C:MOB-47:012,ordinary,MOB-47,v3_void_devourer,L09,L09-C,surface,86,588,-621,286.174,588,621,1.05,false
wv3:L09-C:MOB-47:013,ordinary,MOB-47,v3_void_devourer,L09,L09-C,surface,87,582,-621,286.189,582,621,1.05,false
wv3:L09-C:MOB-47:014,ordinary,MOB-47,v3_void_devourer,L09,L09-C,surface,87,585,-624,285.859,585,624,1.05,false
wv3:L09-C:MOB-47:015,ordinary,MOB-47,v3_void_devourer,L09,L09-C,surface,87,618,-600,287.348,618,600,1.05,false
wv3:L09-C:MOB-47:016,ordinary,MOB-47,v3_void_devourer,L09,L09-C,surface,87,615,-600,287.206,615,600,1.05,false
wv3:L09-C:MOB-47:017,ordinary,MOB-47,v3_void_devourer,L09,L09-C,surface,87,618,-603,287.002,618,603,1.05,false
wv3:L09-C:MOB-47:018,ordinary,MOB-47,v3_void_devourer,L09,L09-C,surface,88,618,-597,287.384,618,597,1.05,false
wv3:L09-C:MOB-47:019,ordinary,MOB-47,v3_void_devourer,L09,L09-C,surface,88,621,-600,287.177,621,600,1.05,false
wv3:L09-C:MOB-47:020,ordinary,MOB-47,v3_void_devourer,L09,L09-C,surface,88,615,-621,282.645,615,621,1.05,false
wv3:L09-C:MOB-47:021,ordinary,MOB-47,v3_void_devourer,L09,L09-C,surface,88,612,-621,283.664,612,621,1.05,false
wv3:L09-C:MOB-47:022,ordinary,MOB-47,v3_void_devourer,L09,L09-C,surface,89,615,-618,283.548,615,618,1.05,false
wv3:L09-C:MOB-47:023,ordinary,MOB-47,v3_void_devourer,L09,L09-C,surface,89,615,-624,281.784,615,624,1.05,false
wv3:L09-C:MOB-47:024,ordinary,MOB-47,v3_void_devourer,L09,L09-C,surface,89,618,-621,281.395,618,621,1.05,false
wv3:L09-C:MOB-47:025,ordinary,MOB-47,v3_void_devourer,L09,L09-C,surface,89,597,-636,279.548,597,636,1.05,false
wv3:L09-C:MOB-47:026,ordinary,MOB-47,v3_void_devourer,L09,L09-C,surface,90,597,-633,281.113,597,633,1.05,false
wv3:L09-C:MOB-47:027,ordinary,MOB-47,v3_void_devourer,L09,L09-C,surface,90,594,-636,279.467,594,636,1.05,false
wv3:L09-C:MOB-47:028,ordinary,MOB-47,v3_void_devourer,L09,L09-C,surface,90,597,-639,277.94,597,639,1.05,false
wv3:L09-C:MOB-47:029,ordinary,MOB-47,v3_void_devourer,L09,L09-C,surface,90,594,-633,281.166,594,633,1.05,false
wv3:L10-A:MOB-07:000,ordinary,MOB-07,v3_road_bandit,L10,L10-A,surface,12,-57,345,37.674,-57,-345,0.46,false
wv3:L10-A:MOB-07:001,ordinary,MOB-07,v3_road_bandit,L10,L10-A,surface,12,-57,348,35.14,-57,-348,0.46,false
wv3:L10-A:MOB-07:002,ordinary,MOB-07,v3_road_bandit,L10,L10-A,surface,12,-60,345,36.58,-60,-345,0.46,false
wv3:L10-A:MOB-07:003,ordinary,MOB-07,v3_road_bandit,L10,L10-A,surface,12,-54,345,38.823,-54,-345,0.46,false
wv3:L10-A:MOB-07:004,ordinary,MOB-07,v3_road_bandit,L10,L10-A,surface,12,-57,342,40.375,-57,-342,0.46,false
wv3:L10-A:MOB-07:005,ordinary,MOB-07,v3_road_bandit,L10,L10-A,surface,13,-69,360,30.485,-69,-360,0.46,false
wv3:L10-A:MOB-07:006,ordinary,MOB-07,v3_road_bandit,L10,L10-A,surface,13,-69,357,30.589,-69,-357,0.46,false
wv3:L10-A:MOB-07:007,ordinary,MOB-07,v3_road_bandit,L10,L10-A,surface,13,-66,360,30.387,-66,-360,0.46,false
wv3:L10-A:MOB-07:008,ordinary,MOB-07,v3_road_bandit,L10,L10-A,surface,13,-72,360,30.526,-72,-360,0.46,false
wv3:L10-A:MOB-07:009,ordinary,MOB-07,v3_road_bandit,L10,L10-A,surface,14,-69,363,30.416,-69,-363,0.46,false
wv3:L10-A:MOB-07:010,ordinary,MOB-07,v3_road_bandit,L10,L10-A,surface,14,-45,360,30.729,-45,-360,0.46,false
wv3:L10-A:MOB-07:011,ordinary,MOB-07,v3_road_bandit,L10,L10-A,surface,14,-45,357,32.185,-45,-357,0.46,false
wv3:L10-A:MOB-07:012,ordinary,MOB-07,v3_road_bandit,L10,L10-A,surface,14,-48,360,30.356,-48,-360,0.46,false
wv3:L10-A:MOB-07:013,ordinary,MOB-07,v3_road_bandit,L10,L10-A,surface,15,-42,360,31.229,-42,-360,0.46,false
wv3:L10-A:MOB-07:014,ordinary,MOB-07,v3_road_bandit,L10,L10-A,surface,15,-45,363,30.193,-45,-363,0.46,false
wv3:L10-A:MOB-07:015,ordinary,MOB-07,v3_road_bandit,L10,L10-A,surface,15,-72,333,42.133,-72,-333,0.46,false
wv3:L10-A:MOB-07:016,ordinary,MOB-07,v3_road_bandit,L10,L10-A,surface,15,-69,333,43.565,-69,-333,0.46,false
wv3:L10-A:MOB-07:017,ordinary,MOB-07,v3_road_bandit,L10,L10-A,surface,16,-72,336,39.681,-72,-336,0.46,false
wv3:L10-A:MOB-07:018,ordinary,MOB-07,v3_road_bandit,L10,L10-A,surface,16,-72,330,44.637,-72,-330,0.46,false
wv3:L10-A:MOB-07:019,ordinary,MOB-07,v3_road_bandit,L10,L10-A,surface,16,-75,333,40.629,-75,-333,0.46,false
wv3:L10-A:MOB-07:020,ordinary,MOB-07,v3_road_bandit,L10,L10-A,surface,16,-42,333,50.467,-42,-333,0.46,false
wv3:L10-A:MOB-07:021,ordinary,MOB-07,v3_road_bandit,L10,L10-A,surface,17,-45,333,50.547,-45,-333,0.46,false
wv3:L10-A:MOB-07:022,ordinary,MOB-07,v3_road_bandit,L10,L10-A,surface,17,-42,336,49.49,-42,-336,0.46,false
wv3:L10-A:MOB-07:023,ordinary,MOB-07,v3_road_bandit,L10,L10-A,surface,17,-45,336,49.129,-45,-336,0.46,false
wv3:L10-A:MOB-07:024,ordinary,MOB-07,v3_road_bandit,L10,L10-A,surface,17,-39,336,49.533,-39,-336,0.46,false
wv3:L10-A:MOB-09:000,ordinary,MOB-09,exile,L10,L10-A,surface,18,-3,315,31.767,-3,-315,0.46,false
wv3:L10-A:MOB-09:001,ordinary,MOB-09,exile,L10,L10-A,surface,18,-3,312,32.071,-3,-312,0.46,false
wv3:L10-A:MOB-09:002,ordinary,MOB-09,exile,L10,L10-A,surface,18,0,315,31.74,0,-315,0.46,false
wv3:L10-A:MOB-09:003,ordinary,MOB-09,exile,L10,L10-A,surface,18,-6,315,31.819,-6,-315,0.46,false
wv3:L10-A:MOB-09:004,ordinary,MOB-09,exile,L10,L10-A,surface,19,-3,318,31.496,-3,-318,0.46,false
wv3:L10-A:MOB-09:005,ordinary,MOB-09,exile,L10,L10-A,surface,19,9,300,32.618,9,-300,0.46,false
wv3:L10-A:MOB-09:006,ordinary,MOB-09,exile,L10,L10-A,surface,19,9,303,32.409,9,-303,0.46,false
wv3:L10-A:MOB-09:007,ordinary,MOB-09,exile,L10,L10-A,surface,19,6,300,32.952,6,-300,0.46,false
wv3:L10-A:MOB-09:008,ordinary,MOB-09,exile,L10,L10-A,surface,20,12,300,32.24,12,-300,0.46,false
wv3:L10-A:MOB-09:009,ordinary,MOB-09,exile,L10,L10-A,surface,20,9,297,32.854,9,-297,0.46,false
wv3:L10-A:MOB-09:010,ordinary,MOB-09,exile,L10,L10-A,surface,20,-15,300,34.383,-15,-300,0.46,false
wv3:L10-A:MOB-09:011,ordinary,MOB-09,exile,L10,L10-A,surface,21,-15,303,33.86,-15,-303,0.46,false
wv3:L10-A:MOB-09:012,ordinary,MOB-09,exile,L10,L10-A,surface,21,-12,300,34.16,-12,-300,0.46,false
wv3:L10-A:MOB-09:013,ordinary,MOB-09,exile,L10,L10-A,surface,21,-18,300,34.655,-18,-300,0.46,false
wv3:L10-A:MOB-09:014,ordinary,MOB-09,exile,L10,L10-A,surface,21,-15,297,34.959,-15,-297,0.46,false
wv3:L10-A:MOB-09:015,ordinary,MOB-09,exile,L10,L10-A,surface,22,12,327,30.786,12,-327,0.46,false
wv3:L10-A:MOB-09:016,ordinary,MOB-09,exile,L10,L10-A,surface,22,9,327,30.814,9,-327,0.46,false
wv3:L10-A:MOB-09:017,ordinary,MOB-09,exile,L10,L10-A,surface,22,12,324,30.978,12,-324,0.46,false
wv3:L10-A:MOB-09:018,ordinary,MOB-09,exile,L10,L10-A,surface,23,12,330,30.583,12,-330,0.46,false
wv3:L10-A:MOB-09:019,ordinary,MOB-09,exile,L10,L10-A,surface,23,15,327,30.712,15,-327,0.46,false
wv3:L10-A:MOB-09:020,ordinary,MOB-09,exile,L10,L10-A,surface,23,-18,327,41.163,-18,-327,0.46,false
wv3:L10-A:MOB-09:021,ordinary,MOB-09,exile,L10,L10-A,surface,23,-15,327,38.909,-15,-327,0.46,false
wv3:L10-A:MOB-09:022,ordinary,MOB-09,exile,L10,L10-A,surface,24,-18,324,39.218,-18,-324,0.46,false
wv3:L10-A:MOB-09:023,ordinary,MOB-09,exile,L10,L10-A,surface,24,-18,330,42.996,-18,-330,0.46,false
wv3:L10-A:MOB-09:024,ordinary,MOB-09,exile,L10,L10-A,surface,24,-21,327,43.345,-21,-327,0.46,false
wv3:L10-B:MOB-20:000,ordinary,MOB-20,undead,L10,L10-B,surface,30,84,465,27.638,84,-465,0.46,false
wv3:L10-B:MOB-20:001,ordinary,MOB-20,undead,L10,L10-B,surface,30,87,465,27.437,87,-465,0.46,false
wv3:L10-B:MOB-20:002,ordinary,MOB-20,undead,L10,L10-B,surface,30,84,468,27.542,84,-468,0.46,false
wv3:L10-B:MOB-20:003,ordinary,MOB-20,undead,L10,L10-B,surface,30,84,462,27.733,84,-462,0.46,false
wv3:L10-B:MOB-20:004,ordinary,MOB-20,undead,L10,L10-B,surface,30,81,465,28.044,81,-465,0.46,false
wv3:L10-B:MOB-20:005,ordinary,MOB-20,undead,L10,L10-B,surface,30,99,477,27.567,99,-477,0.46,false
wv3:L10-B:MOB-20:006,ordinary,MOB-20,undead,L10,L10-B,surface,31,96,477,27.388,96,-477,0.46,false
wv3:L10-B:MOB-20:007,ordinary,MOB-20,undead,L10,L10-B,surface,31,99,474,27.7,99,-474,0.46,false
wv3:L10-B:MOB-20:008,ordinary,MOB-20,undead,L10,L10-B,surface,31,99,480,27.378,99,-480,0.46,false
wv3:L10-B:MOB-20:009,ordinary,MOB-20,undead,L10,L10-B,surface,31,102,477,27.686,102,-477,0.46,false
wv3:L10-B:MOB-20:010,ordinary,MOB-20,undead,L10,L10-B,surface,31,99,453,27.401,99,-453,0.46,false
wv3:L10-B:MOB-20:011,ordinary,MOB-20,undead,L10,L10-B,surface,31,96,453,27.485,96,-453,0.46,false
wv3:L10-B:MOB-20:012,ordinary,MOB-20,undead,L10,L10-B,surface,32,99,456,27.517,99,-456,0.46,false
wv3:L10-B:MOB-20:013,ordinary,MOB-20,undead,L10,L10-B,surface,32,99,450,27.276,99,-450,0.46,false
wv3:L10-B:MOB-20:014,ordinary,MOB-20,undead,L10,L10-B,surface,32,102,453,27.293,102,-453,0.46,false
wv3:L10-B:MOB-20:015,ordinary,MOB-20,undead,L10,L10-B,surface,32,72,480,28.966,72,-480,0.46,false
wv3:L10-B:MOB-20:016,ordinary,MOB-20,undead,L10,L10-B,surface,32,72,477,29.505,72,-477,0.46,false
wv3:L10-B:MOB-20:017,ordinary,MOB-20,undead,L10,L10-B,surface,32,75,480,28.895,75,-480,0.46,false
wv3:L10-B:MOB-20:018,ordinary,MOB-20,undead,L10,L10-B,surface,33,69,480,29,69,-480,0.46,false
wv3:L10-B:MOB-20:019,ordinary,MOB-20,undead,L10,L10-B,surface,33,72,483,28.252,72,-483,0.46,false
wv3:L10-B:MOB-20:020,ordinary,MOB-20,undead,L10,L10-B,surface,33,72,450,29.751,72,-450,0.46,false
wv3:L10-B:MOB-20:021,ordinary,MOB-20,undead,L10,L10-B,surface,33,72,453,29.726,72,-453,0.46,false
wv3:L10-B:MOB-20:022,ordinary,MOB-20,undead,L10,L10-B,surface,33,75,450,29.384,75,-450,0.46,false
wv3:L10-B:MOB-20:023,ordinary,MOB-20,undead,L10,L10-B,surface,34,69,450,29.957,69,-450,0.46,false
wv3:L10-B:MOB-20:024,ordinary,MOB-20,undead,L10,L10-B,surface,34,72,447,29.778,72,-447,0.46,false
wv3:L10-B:MOB-20:025,ordinary,MOB-20,undead,L10,L10-B,surface,34,60,465,30,60,-465,0.46,false
wv3:L10-B:MOB-20:026,ordinary,MOB-20,undead,L10,L10-B,surface,34,63,465,30,63,-465,0.46,false
wv3:L10-B:MOB-20:027,ordinary,MOB-20,undead,L10,L10-B,surface,34,60,468,30,60,-468,0.46,false
wv3:L10-B:MOB-20:028,ordinary,MOB-20,undead,L10,L10-B,surface,34,60,462,30,60,-462,0.46,false
wv3:L10-B:MOB-20:029,ordinary,MOB-20,undead,L10,L10-B,surface,35,57,465,30,57,-465,0.46,false
wv3:L10-B:MOB-20:030,ordinary,MOB-20,undead,L10,L10-B,surface,35,87,492,25.789,87,-492,0.46,false
wv3:L10-B:MOB-20:031,ordinary,MOB-20,undead,L10,L10-B,surface,35,87,489,26.168,87,-489,0.46,false
wv3:L10-B:MOB-20:032,ordinary,MOB-20,undead,L10,L10-B,surface,35,84,492,25.801,84,-492,0.46,false
wv3:L10-B:MOB-20:033,ordinary,MOB-20,undead,L10,L10-B,surface,35,90,492,25.62,90,-492,0.46,false
wv3:L10-B:MOB-20:034,ordinary,MOB-20,undead,L10,L10-B,surface,35,87,495,25.224,87,-495,0.46,false
wv3:L10-B:MOB-20:035,ordinary,MOB-20,undead,L10,L10-B,surface,36,87,438,28.135,87,-438,0.46,false
wv3:L10-B:MOB-20:036,ordinary,MOB-20,undead,L10,L10-B,surface,36,87,441,28.053,87,-441,0.46,false
wv3:L10-B:MOB-20:037,ordinary,MOB-20,undead,L10,L10-B,surface,36,84,438,28.582,84,-438,0.46,false
wv3:L10-B:MOB-20:038,ordinary,MOB-20,undead,L10,L10-B,surface,36,90,438,27.726,90,-438,0.46,false
wv3:L10-B:MOB-20:039,ordinary,MOB-20,undead,L10,L10-B,surface,36,87,435,28.232,87,-435,0.46,false
wv3:L10-C:MOB-29:000,ordinary,MOB-29,v3_orc_raider,L10,L10-C,surface,46,-21,600,22.468,-21,-600,0.46,false
wv3:L10-C:MOB-29:001,ordinary,MOB-29,v3_orc_raider,L10,L10-C,surface,46,-18,600,22.56,-18,-600,0.46,false
wv3:L10-C:MOB-29:002,ordinary,MOB-29,v3_orc_raider,L10,L10-C,surface,46,-21,597,22.601,-21,-597,0.46,false
wv3:L10-C:MOB-29:003,ordinary,MOB-29,v3_orc_raider,L10,L10-C,surface,46,-24,600,22.42,-24,-600,0.46,false
wv3:L10-C:MOB-29:004,ordinary,MOB-29,v3_orc_raider,L10,L10-C,surface,46,-18,603,22.405,-18,-603,0.46,false
wv3:L10-C:MOB-29:005,ordinary,MOB-29,v3_orc_raider,L10,L10-C,surface,46,-6,588,23.31,-6,-588,0.46,false
wv3:L10-C:MOB-29:006,ordinary,MOB-29,v3_orc_raider,L10,L10-C,surface,46,-6,591,23.266,-6,-591,0.46,false
wv3:L10-C:MOB-29:007,ordinary,MOB-29,v3_orc_raider,L10,L10-C,surface,46,-6,585,23.326,-6,-585,0.46,false
wv3:L10-C:MOB-29:008,ordinary,MOB-29,v3_orc_raider,L10,L10-C,surface,46,-3,588,23.189,-3,-588,0.46,false
wv3:L10-C:MOB-29:009,ordinary,MOB-29,v3_orc_raider,L10,L10-C,surface,47,-9,591,23.284,-9,-591,0.46,false
wv3:L10-C:MOB-29:010,ordinary,MOB-29,v3_orc_raider,L10,L10-C,surface,47,-9,615,22.371,-9,-615,0.46,false
wv3:L10-C:MOB-29:011,ordinary,MOB-29,v3_orc_raider,L10,L10-C,surface,47,-9,612,22.452,-9,-612,0.46,false
wv3:L10-C:MOB-29:012,ordinary,MOB-29,v3_orc_raider,L10,L10-C,surface,47,-12,615,22.171,-12,-615,0.46,false
wv3:L10-C:MOB-29:013,ordinary,MOB-29,v3_orc_raider,L10,L10-C,surface,47,-6,615,22.602,-6,-615,0.46,false
wv3:L10-C:MOB-29:014,ordinary,MOB-29,v3_orc_raider,L10,L10-C,surface,47,-9,618,22.312,-9,-618,0.46,false
wv3:L10-C:MOB-29:015,ordinary,MOB-29,v3_orc_raider,L10,L10-C,surface,47,-33,615,22.98,-33,-615,0.46,false
wv3:L10-C:MOB-29:016,ordinary,MOB-29,v3_orc_raider,L10,L10-C,surface,47,-33,612,22.918,-33,-612,0.46,false
wv3:L10-C:MOB-29:017,ordinary,MOB-29,v3_orc_raider,L10,L10-C,surface,47,-30,615,22.626,-30,-615,0.46,false
wv3:L10-C:MOB-29:018,ordinary,MOB-29,v3_orc_raider,L10,L10-C,surface,48,-36,615,23.37,-36,-615,0.46,false
wv3:L10-C:MOB-29:019,ordinary,MOB-29,v3_orc_raider,L10,L10-C,surface,48,-33,618,23.051,-33,-618,0.46,false
wv3:L10-C:MOB-29:020,ordinary,MOB-29,v3_orc_raider,L10,L10-C,surface,48,-24,579,22.836,-24,-579,0.46,false
wv3:L10-C:MOB-29:021,ordinary,MOB-29,v3_orc_raider,L10,L10-C,surface,48,-24,582,22.852,-24,-582,0.46,false
wv3:L10-C:MOB-29:022,ordinary,MOB-29,v3_orc_raider,L10,L10-C,surface,48,-21,579,23.066,-21,-579,0.46,false
wv3:L10-C:MOB-29:023,ordinary,MOB-29,v3_orc_raider,L10,L10-C,surface,48,-24,576,22.786,-24,-576,0.46,false
wv3:L10-C:MOB-29:024,ordinary,MOB-29,v3_orc_raider,L10,L10-C,surface,48,-21,582,23.068,-21,-582,0.46,false
wv3:L10-C:MOB-29:025,ordinary,MOB-29,v3_orc_raider,L10,L10-C,surface,48,6,603,22.969,6,-603,0.46,false
wv3:L10-C:MOB-29:026,ordinary,MOB-29,v3_orc_raider,L10,L10-C,surface,49,3,603,23.044,3,-603,0.46,false
wv3:L10-C:MOB-29:027,ordinary,MOB-29,v3_orc_raider,L10,L10-C,surface,49,6,600,22.863,6,-600,0.46,false
wv3:L10-C:MOB-29:028,ordinary,MOB-29,v3_orc_raider,L10,L10-C,surface,49,6,606,23.082,6,-606,0.46,false
wv3:L10-C:MOB-29:029,ordinary,MOB-29,v3_orc_raider,L10,L10-C,surface,49,9,603,22.856,9,-603,0.46,false
wv3:L10-C:MOB-29:030,ordinary,MOB-29,v3_orc_raider,L10,L10-C,surface,49,-48,600,24.252,-48,-600,0.46,false
wv3:L10-C:MOB-29:031,ordinary,MOB-29,v3_orc_raider,L10,L10-C,surface,49,-48,603,24.46,-48,-603,0.46,false
wv3:L10-C:MOB-29:032,ordinary,MOB-29,v3_orc_raider,L10,L10-C,surface,49,-48,597,23.992,-48,-597,0.46,false
wv3:L10-C:MOB-29:033,ordinary,MOB-29,v3_orc_raider,L10,L10-C,surface,49,-51,600,24.545,-51,-600,0.46,false
wv3:L10-C:MOB-29:034,ordinary,MOB-29,v3_orc_raider,L10,L10-C,surface,49,-45,603,24.114,-45,-603,0.46,false
wv3:L10-C:MOB-29:035,ordinary,MOB-29,v3_orc_raider,L10,L10-C,surface,50,-21,630,22.379,-21,-630,0.46,false
wv3:L10-C:MOB-29:036,ordinary,MOB-29,v3_orc_raider,L10,L10-C,surface,50,-21,627,22.226,-21,-627,0.46,false
wv3:L10-C:MOB-29:037,ordinary,MOB-29,v3_orc_raider,L10,L10-C,surface,50,-18,630,22.243,-18,-630,0.46,false
wv3:L10-C:MOB-29:038,ordinary,MOB-29,v3_orc_raider,L10,L10-C,surface,50,-24,630,22.581,-24,-630,0.46,false
wv3:L10-C:MOB-29:039,ordinary,MOB-29,v3_orc_raider,L10,L10-C,surface,50,-18,627,22.107,-18,-627,0.46,false
wv3:L10-C:MOB-29:040,ordinary,MOB-29,v3_orc_raider,L10,L10-C,surface,50,-9,567,22.875,-9,-567,0.46,false
wv3:L10-C:MOB-29:041,ordinary,MOB-29,v3_orc_raider,L10,L10-C,surface,50,-9,570,23.059,-9,-570,0.46,false
wv3:L10-C:MOB-29:042,ordinary,MOB-29,v3_orc_raider,L10,L10-C,surface,50,-12,567,22.924,-12,-567,0.46,false
wv3:L10-C:MOB-29:043,ordinary,MOB-29,v3_orc_raider,L10,L10-C,surface,51,-6,567,22.788,-6,-567,0.46,false
wv3:L10-C:MOB-29:044,ordinary,MOB-29,v3_orc_raider,L10,L10-C,surface,51,-9,564,22.667,-9,-564,0.46,false
wv3:L10-C:MOB-29:045,ordinary,MOB-29,v3_orc_raider,L10,L10-C,surface,51,6,627,23.892,6,-627,0.46,false
wv3:L10-C:MOB-29:046,ordinary,MOB-29,v3_orc_raider,L10,L10-C,surface,51,6,624,23.795,6,-624,0.46,false
wv3:L10-C:MOB-29:047,ordinary,MOB-29,v3_orc_raider,L10,L10-C,surface,51,3,627,23.562,3,-627,0.46,false
wv3:L10-C:MOB-29:048,ordinary,MOB-29,v3_orc_raider,L10,L10-C,surface,51,9,627,24.184,9,-627,0.46,false
wv3:L10-C:MOB-29:049,ordinary,MOB-29,v3_orc_raider,L10,L10-C,surface,51,6,630,23.975,6,-630,0.46,false
wv3:L10-C:MOB-29:050,ordinary,MOB-29,v3_orc_raider,L10,L10-C,surface,51,9,576,22.203,9,-576,0.46,false
wv3:L10-C:MOB-29:051,ordinary,MOB-29,v3_orc_raider,L10,L10-C,surface,51,9,573,22.227,9,-573,0.46,false
wv3:L10-C:MOB-29:052,ordinary,MOB-29,v3_orc_raider,L10,L10-C,surface,52,12,576,22.062,12,-576,0.46,false
wv3:L10-C:MOB-29:053,ordinary,MOB-29,v3_orc_raider,L10,L10-C,surface,52,6,573,22.37,6,-573,0.46,false
wv3:L10-C:MOB-29:054,ordinary,MOB-29,v3_orc_raider,L10,L10-C,surface,52,12,573,22.136,12,-573,0.46,false
wv3:L10-C:MOB-29:055,ordinary,MOB-29,v3_orc_raider,L10,L10-C,surface,52,-39,567,20.586,-39,-567,0.46,false
wv3:L10-C:MOB-29:056,ordinary,MOB-29,v3_orc_raider,L10,L10-C,surface,52,-39,570,20.868,-39,-570,0.46,false
wv3:L10-C:MOB-29:057,ordinary,MOB-29,v3_orc_raider,L10,L10-C,surface,52,-36,567,20.949,-36,-567,0.46,false
wv3:L10-C:MOB-29:058,ordinary,MOB-29,v3_orc_raider,L10,L10-C,surface,52,-42,567,20.273,-42,-567,0.46,false
wv3:L10-C:MOB-29:059,ordinary,MOB-29,v3_orc_raider,L10,L10-C,surface,52,-39,564,20.32,-39,-564,0.46,false
wv3:L11-A:MOB-12:000,ordinary,MOB-12,v3_reed_mantis,L11,L11-A,surface,20,-678,417,14.354,-678,-417,0.46,false
wv3:L11-A:MOB-12:001,ordinary,MOB-12,v3_reed_mantis,L11,L11-A,surface,20,-678,414,14.258,-678,-414,0.46,false
wv3:L11-A:MOB-12:002,ordinary,MOB-12,v3_reed_mantis,L11,L11-A,surface,20,-675,417,14.324,-675,-417,0.46,false
wv3:L11-A:MOB-12:003,ordinary,MOB-12,v3_reed_mantis,L11,L11-A,surface,20,-681,417,14.362,-681,-417,0.46,false
wv3:L11-A:MOB-12:004,ordinary,MOB-12,v3_reed_mantis,L11,L11-A,surface,20,-678,420,14.45,-678,-420,0.46,false
wv3:L11-A:MOB-12:005,ordinary,MOB-12,v3_reed_mantis,L11,L11-A,surface,21,-666,402,13.88,-666,-402,0.46,false
wv3:L11-A:MOB-12:006,ordinary,MOB-12,v3_reed_mantis,L11,L11-A,surface,21,-666,405,13.917,-666,-405,0.46,false
wv3:L11-A:MOB-12:007,ordinary,MOB-12,v3_reed_mantis,L11,L11-A,surface,21,-669,402,13.915,-669,-402,0.46,false
wv3:L11-A:MOB-12:008,ordinary,MOB-12,v3_reed_mantis,L11,L11-A,surface,21,-663,402,13.825,-663,-402,0.46,false
wv3:L11-A:MOB-12:009,ordinary,MOB-12,v3_reed_mantis,L11,L11-A,surface,21,-666,399,13.855,-666,-399,0.46,false
wv3:L11-A:MOB-12:010,ordinary,MOB-12,v3_reed_mantis,L11,L11-A,surface,22,-690,402,13.663,-690,-402,0.46,false
wv3:L11-A:MOB-12:011,ordinary,MOB-12,v3_reed_mantis,L11,L11-A,surface,22,-690,405,13.773,-690,-405,0.46,false
wv3:L11-A:MOB-12:012,ordinary,MOB-12,v3_reed_mantis,L11,L11-A,surface,22,-687,402,13.75,-687,-402,0.46,false
wv3:L11-A:MOB-12:013,ordinary,MOB-12,v3_reed_mantis,L11,L11-A,surface,22,-693,402,13.559,-693,-402,0.46,false
wv3:L11-A:MOB-12:014,ordinary,MOB-12,v3_reed_mantis,L11,L11-A,surface,22,-690,399,13.566,-690,-399,0.46,false
wv3:L11-A:MOB-12:015,ordinary,MOB-12,v3_reed_mantis,L11,L11-A,surface,23,-663,429,14.222,-663,-429,0.46,false
wv3:L11-A:MOB-12:016,ordinary,MOB-12,v3_reed_mantis,L11,L11-A,surface,23,-666,429,14.347,-666,-429,0.46,false
wv3:L11-A:MOB-12:017,ordinary,MOB-12,v3_reed_mantis,L11,L11-A,surface,23,-663,426,14.187,-663,-426,0.46,false
wv3:L11-A:MOB-12:018,ordinary,MOB-12,v3_reed_mantis,L11,L11-A,surface,23,-663,432,14.248,-663,-432,0.46,false
wv3:L11-A:MOB-12:019,ordinary,MOB-12,v3_reed_mantis,L11,L11-A,surface,23,-660,429,14.087,-660,-429,0.46,false
wv3:L11-A:MOB-12:020,ordinary,MOB-12,v3_reed_mantis,L11,L11-A,surface,24,-693,429,14.754,-693,-429,0.46,false
wv3:L11-A:MOB-12:021,ordinary,MOB-12,v3_reed_mantis,L11,L11-A,surface,24,-690,429,14.782,-690,-429,0.46,false
wv3:L11-A:MOB-12:022,ordinary,MOB-12,v3_reed_mantis,L11,L11-A,surface,24,-693,426,14.634,-693,-426,0.46,false
wv3:L11-A:MOB-12:023,ordinary,MOB-12,v3_reed_mantis,L11,L11-A,surface,24,-693,432,14.864,-693,-432,0.46,false
wv3:L11-A:MOB-12:024,ordinary,MOB-12,v3_reed_mantis,L11,L11-A,surface,24,-696,429,14.712,-696,-429,0.46,false
wv3:L11-A:MOB-12:025,ordinary,MOB-12,v3_reed_mantis,L11,L11-A,surface,25,-651,414,13.496,-651,-414,0.46,false
wv3:L11-A:MOB-12:026,ordinary,MOB-12,v3_reed_mantis,L11,L11-A,surface,25,-654,414,13.637,-654,-414,0.46,false
wv3:L11-A:MOB-12:027,ordinary,MOB-12,v3_reed_mantis,L11,L11-A,surface,25,-651,417,13.524,-651,-417,0.46,false
wv3:L11-A:MOB-12:028,ordinary,MOB-12,v3_reed_mantis,L11,L11-A,surface,25,-651,411,13.471,-651,-411,0.46,false
wv3:L11-A:MOB-12:029,ordinary,MOB-12,v3_reed_mantis,L11,L11-A,surface,25,-648,414,13.347,-648,-414,0.46,false
wv3:L11-A:MOB-14:000,ordinary,MOB-14,v3_swamp_toad,L11,L11-A,surface,24,-627,381,12.859,-627,-381,0.46,false
wv3:L11-A:MOB-14:001,ordinary,MOB-14,v3_swamp_toad,L11,L11-A,surface,24,-627,378,13.014,-627,-378,0.46,false
wv3:L11-A:MOB-14:002,ordinary,MOB-14,v3_swamp_toad,L11,L11-A,surface,24,-630,381,13.018,-630,-381,0.46,false
wv3:L11-A:MOB-14:003,ordinary,MOB-14,v3_swamp_toad,L11,L11-A,surface,24,-624,378,12.853,-624,-378,0.46,false
wv3:L11-A:MOB-14:004,ordinary,MOB-14,v3_swamp_toad,L11,L11-A,surface,24,-630,384,12.878,-630,-384,0.46,false
wv3:L11-A:MOB-14:005,ordinary,MOB-14,v3_swamp_toad,L11,L11-A,surface,25,-615,366,13.09,-615,-366,0.46,false
wv3:L11-A:MOB-14:006,ordinary,MOB-14,v3_swamp_toad,L11,L11-A,surface,25,-615,369,12.897,-615,-369,0.46,false
wv3:L11-A:MOB-14:007,ordinary,MOB-14,v3_swamp_toad,L11,L11-A,surface,25,-618,366,13.255,-618,-366,0.46,false
wv3:L11-A:MOB-14:008,ordinary,MOB-14,v3_swamp_toad,L11,L11-A,surface,25,-612,366,12.924,-612,-366,0.46,false
wv3:L11-A:MOB-14:009,ordinary,MOB-14,v3_swamp_toad,L11,L11-A,surface,25,-615,363,13.284,-615,-363,0.46,false
wv3:L11-A:MOB-14:010,ordinary,MOB-14,v3_swamp_toad,L11,L11-A,surface,26,-636,399,12.752,-636,-399,0.46,false
wv3:L11-A:MOB-14:011,ordinary,MOB-14,v3_swamp_toad,L11,L11-A,surface,26,-636,396,12.804,-636,-396,0.46,false
wv3:L11-A:MOB-14:012,ordinary,MOB-14,v3_swamp_toad,L11,L11-A,surface,26,-639,399,12.91,-639,-399,0.46,false
wv3:L11-A:MOB-14:013,ordinary,MOB-14,v3_swamp_toad,L11,L11-A,surface,26,-639,396,12.96,-639,-396,0.46,false
wv3:L11-A:MOB-14:014,ordinary,MOB-14,v3_swamp_toad,L11,L11-A,surface,26,-639,402,12.875,-639,-402,0.46,false
wv3:L11-A:MOB-14:015,ordinary,MOB-14,v3_swamp_toad,L11,L11-A,surface,27,-639,366,14.197,-639,-366,0.46,false
wv3:L11-A:MOB-14:016,ordinary,MOB-14,v3_swamp_toad,L11,L11-A,surface,27,-639,369,14.039,-639,-369,0.46,false
wv3:L11-A:MOB-14:017,ordinary,MOB-14,v3_swamp_toad,L11,L11-A,surface,27,-636,366,14.097,-636,-366,0.46,false
wv3:L11-A:MOB-14:018,ordinary,MOB-14,v3_swamp_toad,L11,L11-A,surface,27,-642,366,14.282,-642,-366,0.46,false
wv3:L11-A:MOB-14:019,ordinary,MOB-14,v3_swamp_toad,L11,L11-A,surface,27,-639,363,14.35,-639,-363,0.46,false
wv3:L11-A:MOB-14:020,ordinary,MOB-14,v3_swamp_toad,L11,L11-A,surface,28,-648,384,13.665,-648,-384,0.46,false
wv3:L11-A:MOB-14:021,ordinary,MOB-14,v3_swamp_toad,L11,L11-A,surface,28,-645,384,13.563,-645,-384,0.46,false
wv3:L11-A:MOB-14:022,ordinary,MOB-14,v3_swamp_toad,L11,L11-A,surface,28,-648,387,13.572,-648,-387,0.46,false
wv3:L11-A:MOB-14:023,ordinary,MOB-14,v3_swamp_toad,L11,L11-A,surface,28,-648,381,13.77,-648,-381,0.46,false
wv3:L11-A:MOB-14:024,ordinary,MOB-14,v3_swamp_toad,L11,L11-A,surface,28,-651,384,13.75,-651,-384,0.46,false
wv3:L11-A:MOB-14:025,ordinary,MOB-14,v3_swamp_toad,L11,L11-A,surface,29,-627,351,14.546,-627,-351,0.46,false
wv3:L11-A:MOB-14:026,ordinary,MOB-14,v3_swamp_toad,L11,L11-A,surface,29,-627,354,14.403,-627,-354,0.46,false
wv3:L11-A:MOB-14:027,ordinary,MOB-14,v3_swamp_toad,L11,L11-A,surface,29,-624,351,14.428,-624,-351,0.46,false
wv3:L11-A:MOB-14:028,ordinary,MOB-14,v3_swamp_toad,L11,L11-A,surface,29,-630,351,14.654,-630,-351,0.46,false
wv3:L11-A:MOB-14:029,ordinary,MOB-14,v3_swamp_toad,L11,L11-A,surface,29,-627,348,14.676,-627,-348,0.46,false
wv3:L11-B:MOB-23:000,ordinary,MOB-23,v3_fungal_walker,L11,L11-B,surface,34,-609,597,14.19,-609,-597,0.46,false
wv3:L11-B:MOB-23:001,ordinary,MOB-23,v3_fungal_walker,L11,L11-B,surface,34,-612,597,14.151,-612,-597,0.46,false
wv3:L11-B:MOB-23:002,ordinary,MOB-23,v3_fungal_walker,L11,L11-B,surface,34,-609,600,14.111,-609,-600,0.46,false
wv3:L11-B:MOB-23:003,ordinary,MOB-23,v3_fungal_walker,L11,L11-B,surface,34,-609,594,14.274,-609,-594,0.46,false
wv3:L11-B:MOB-23:004,ordinary,MOB-23,v3_fungal_walker,L11,L11-B,surface,34,-606,597,14.215,-606,-597,0.46,false
wv3:L11-B:MOB-23:005,ordinary,MOB-23,v3_fungal_walker,L11,L11-B,surface,34,-624,609,13.717,-624,-609,0.46,false
wv3:L11-B:MOB-23:006,ordinary,MOB-23,v3_fungal_walker,L11,L11-B,surface,35,-621,609,13.79,-621,-609,0.46,false
wv3:L11-B:MOB-23:007,ordinary,MOB-23,v3_fungal_walker,L11,L11-B,surface,35,-624,606,13.728,-624,-606,0.46,false
wv3:L11-B:MOB-23:008,ordinary,MOB-23,v3_fungal_walker,L11,L11-B,surface,35,-627,609,13.625,-627,-609,0.46,false
wv3:L11-B:MOB-23:009,ordinary,MOB-23,v3_fungal_walker,L11,L11-B,surface,35,-621,606,13.81,-621,-606,0.46,false
wv3:L11-B:MOB-23:010,ordinary,MOB-23,v3_fungal_walker,L11,L11-B,surface,35,-624,585,13.984,-624,-585,0.46,false
wv3:L11-B:MOB-23:011,ordinary,MOB-23,v3_fungal_walker,L11,L11-B,surface,35,-621,585,14.116,-621,-585,0.46,false
wv3:L11-B:MOB-23:012,ordinary,MOB-23,v3_fungal_walker,L11,L11-B,surface,36,-624,588,13.946,-624,-588,0.46,false
wv3:L11-B:MOB-23:013,ordinary,MOB-23,v3_fungal_walker,L11,L11-B,surface,36,-624,582,14.016,-624,-582,0.46,false
wv3:L11-B:MOB-23:014,ordinary,MOB-23,v3_fungal_walker,L11,L11-B,surface,36,-627,585,13.841,-627,-585,0.46,false
wv3:L11-B:MOB-23:015,ordinary,MOB-23,v3_fungal_walker,L11,L11-B,surface,36,-597,612,13.666,-597,-612,0.46,false
wv3:L11-B:MOB-23:016,ordinary,MOB-23,v3_fungal_walker,L11,L11-B,surface,36,-597,609,13.747,-597,-609,0.46,false
wv3:L11-B:MOB-23:017,ordinary,MOB-23,v3_fungal_walker,L11,L11-B,surface,36,-600,612,13.744,-600,-612,0.46,false
wv3:L11-B:MOB-23:018,ordinary,MOB-23,v3_fungal_walker,L11,L11-B,surface,37,-597,615,13.599,-597,-615,0.46,false
wv3:L11-B:MOB-23:019,ordinary,MOB-23,v3_fungal_walker,L11,L11-B,surface,37,-600,609,13.817,-600,-609,0.46,false
wv3:L11-B:MOB-23:020,ordinary,MOB-23,v3_fungal_walker,L11,L11-B,surface,37,-597,582,14.748,-597,-582,0.46,false
wv3:L11-B:MOB-23:021,ordinary,MOB-23,v3_fungal_walker,L11,L11-B,surface,37,-597,585,14.643,-597,-585,0.46,false
wv3:L11-B:MOB-23:022,ordinary,MOB-23,v3_fungal_walker,L11,L11-B,surface,37,-600,582,14.734,-600,-582,0.46,false
wv3:L11-B:MOB-23:023,ordinary,MOB-23,v3_fungal_walker,L11,L11-B,surface,38,-594,582,14.746,-594,-582,0.46,false
wv3:L11-B:MOB-23:024,ordinary,MOB-23,v3_fungal_walker,L11,L11-B,surface,38,-597,579,14.837,-597,-579,0.46,false
wv3:L11-B:MOB-23:025,ordinary,MOB-23,v3_fungal_walker,L11,L11-B,surface,38,-585,597,13.872,-585,-597,0.46,false
wv3:L11-B:MOB-23:026,ordinary,MOB-23,v3_fungal_walker,L11,L11-B,surface,38,-588,597,13.973,-588,-597,0.46,false
wv3:L11-B:MOB-23:027,ordinary,MOB-23,v3_fungal_walker,L11,L11-B,surface,38,-585,600,13.722,-585,-600,0.46,false
wv3:L11-B:MOB-23:028,ordinary,MOB-23,v3_fungal_walker,L11,L11-B,surface,38,-585,594,14.027,-585,-594,0.46,false
wv3:L11-B:MOB-23:029,ordinary,MOB-23,v3_fungal_walker,L11,L11-B,surface,39,-582,597,13.76,-582,-597,0.46,false
wv3:L11-B:MOB-23:030,ordinary,MOB-23,v3_fungal_walker,L11,L11-B,surface,39,-612,624,13.866,-612,-624,0.46,false
wv3:L11-B:MOB-23:031,ordinary,MOB-23,v3_fungal_walker,L11,L11-B,surface,39,-612,621,13.849,-612,-621,0.46,false
wv3:L11-B:MOB-23:032,ordinary,MOB-23,v3_fungal_walker,L11,L11-B,surface,39,-609,624,13.821,-609,-624,0.46,false
wv3:L11-B:MOB-23:033,ordinary,MOB-23,v3_fungal_walker,L11,L11-B,surface,39,-615,624,13.89,-615,-624,0.46,false
wv3:L11-B:MOB-23:034,ordinary,MOB-23,v3_fungal_walker,L11,L11-B,surface,39,-612,627,13.896,-612,-627,0.46,false
wv3:L11-B:MOB-23:035,ordinary,MOB-23,v3_fungal_walker,L11,L11-B,surface,40,-612,570,14.594,-612,-570,0.46,false
wv3:L11-B:MOB-23:036,ordinary,MOB-23,v3_fungal_walker,L11,L11-B,surface,40,-612,573,14.593,-612,-573,0.46,false
wv3:L11-B:MOB-23:037,ordinary,MOB-23,v3_fungal_walker,L11,L11-B,surface,40,-609,570,14.708,-609,-570,0.46,false
wv3:L11-B:MOB-23:038,ordinary,MOB-23,v3_fungal_walker,L11,L11-B,surface,40,-615,570,14.466,-615,-570,0.46,false
wv3:L11-B:MOB-23:039,ordinary,MOB-23,v3_fungal_walker,L11,L11-B,surface,40,-612,567,14.574,-612,-567,0.46,false
wv3:L11-B:MOB-25:000,ordinary,MOB-25,wraith,L11,L11-B,surface,40,-564,567,14.457,-564,-567,0.46,false
wv3:L11-B:MOB-25:001,ordinary,MOB-25,wraith,L11,L11-B,surface,40,-564,564,14.45,-564,-564,0.46,false
wv3:L11-B:MOB-25:002,ordinary,MOB-25,wraith,L11,L11-B,surface,40,-564,570,14.419,-564,-570,0.46,false
wv3:L11-B:MOB-25:003,ordinary,MOB-25,wraith,L11,L11-B,surface,40,-567,567,14.408,-567,-567,0.46,false
wv3:L11-B:MOB-25:004,ordinary,MOB-25,wraith,L11,L11-B,surface,40,-561,570,14.291,-561,-570,0.46,false
wv3:L11-B:MOB-25:005,ordinary,MOB-25,wraith,L11,L11-B,surface,40,-549,579,13.178,-549,-579,0.46,false
wv3:L11-B:MOB-25:006,ordinary,MOB-25,wraith,L11,L11-B,surface,41,-549,576,13.35,-549,-576,0.46,false
wv3:L11-B:MOB-25:007,ordinary,MOB-25,wraith,L11,L11-B,surface,41,-552,579,13.344,-552,-579,0.46,false
wv3:L11-B:MOB-25:008,ordinary,MOB-25,wraith,L11,L11-B,surface,41,-546,579,13.013,-546,-579,0.46,false
wv3:L11-B:MOB-25:009,ordinary,MOB-25,wraith,L11,L11-B,surface,41,-549,582,12.997,-549,-582,0.46,false
wv3:L11-B:MOB-25:010,ordinary,MOB-25,wraith,L11,L11-B,surface,41,-555,546,14.44,-555,-546,0.46,false
wv3:L11-B:MOB-25:011,ordinary,MOB-25,wraith,L11,L11-B,surface,41,-558,546,14.558,-558,-546,0.46,false
wv3:L11-B:MOB-25:012,ordinary,MOB-25,wraith,L11,L11-B,surface,42,-552,546,14.312,-552,-546,0.46,false
wv3:L11-B:MOB-25:013,ordinary,MOB-25,wraith,L11,L11-B,surface,42,-555,543,14.414,-555,-543,0.46,false
wv3:L11-B:MOB-25:014,ordinary,MOB-25,wraith,L11,L11-B,surface,42,-558,543,14.525,-558,-543,0.46,false
wv3:L11-B:MOB-25:015,ordinary,MOB-25,wraith,L11,L11-B,surface,42,-534,567,12.974,-534,-567,0.46,false
wv3:L11-B:MOB-25:016,ordinary,MOB-25,wraith,L11,L11-B,surface,42,-534,564,13.081,-534,-564,0.46,false
wv3:L11-B:MOB-25:017,ordinary,MOB-25,wraith,L11,L11-B,surface,42,-534,570,12.854,-534,-570,0.46,false
wv3:L11-B:MOB-25:018,ordinary,MOB-25,wraith,L11,L11-B,surface,43,-531,567,12.829,-531,-567,0.46,false
wv3:L11-B:MOB-25:019,ordinary,MOB-25,wraith,L11,L11-B,surface,43,-537,570,13.005,-537,-570,0.46,false
wv3:L11-B:MOB-25:020,ordinary,MOB-25,wraith,L11,L11-B,surface,43,-576,552,14.147,-576,-552,0.46,false
wv3:L11-B:MOB-25:021,ordinary,MOB-25,wraith,L11,L11-B,surface,43,-573,552,14.23,-573,-552,0.46,false
wv3:L11-B:MOB-25:022,ordinary,MOB-25,wraith,L11,L11-B,surface,43,-576,549,14.313,-576,-549,0.46,false
wv3:L11-B:MOB-25:023,ordinary,MOB-25,wraith,L11,L11-B,surface,44,-573,555,14.087,-573,-555,0.46,false
wv3:L11-B:MOB-25:024,ordinary,MOB-25,wraith,L11,L11-B,surface,44,-573,549,14.434,-573,-549,0.46,false
wv3:L11-B:MOB-25:025,ordinary,MOB-25,wraith,L11,L11-B,surface,44,-567,588,13.597,-567,-588,0.46,false
wv3:L11-B:MOB-25:026,ordinary,MOB-25,wraith,L11,L11-B,surface,44,-567,585,13.783,-567,-585,0.46,false
wv3:L11-B:MOB-25:027,ordinary,MOB-25,wraith,L11,L11-B,surface,44,-564,588,13.44,-564,-588,0.46,false
wv3:L11-B:MOB-25:028,ordinary,MOB-25,wraith,L11,L11-B,surface,44,-570,588,13.748,-570,-588,0.46,false
wv3:L11-B:MOB-25:029,ordinary,MOB-25,wraith,L11,L11-B,surface,45,-567,591,13.408,-567,-591,0.46,false
wv3:L11-B:MOB-25:030,ordinary,MOB-25,wraith,L11,L11-B,surface,45,-534,546,13.373,-534,-546,0.46,false
wv3:L11-B:MOB-25:031,ordinary,MOB-25,wraith,L11,L11-B,surface,45,-537,546,13.539,-537,-546,0.46,false
wv3:L11-B:MOB-25:032,ordinary,MOB-25,wraith,L11,L11-B,surface,45,-534,549,13.362,-534,-549,0.46,false
wv3:L11-B:MOB-25:033,ordinary,MOB-25,wraith,L11,L11-B,surface,45,-534,543,13.371,-534,-543,0.46,false
wv3:L11-B:MOB-25:034,ordinary,MOB-25,wraith,L11,L11-B,surface,45,-531,546,13.207,-531,-546,0.46,false
wv3:L11-B:MOB-25:035,ordinary,MOB-25,wraith,L11,L11-B,surface,46,-567,531,14.419,-567,-531,0.46,false
wv3:L11-B:MOB-25:036,ordinary,MOB-25,wraith,L11,L11-B,surface,46,-567,534,14.517,-567,-534,0.46,false
wv3:L11-B:MOB-25:037,ordinary,MOB-25,wraith,L11,L11-B,surface,46,-564,531,14.394,-564,-531,0.46,false
wv3:L11-B:MOB-25:038,ordinary,MOB-25,wraith,L11,L11-B,surface,46,-570,531,14.429,-570,-531,0.46,false
wv3:L11-B:MOB-25:039,ordinary,MOB-25,wraith,L11,L11-B,surface,46,-567,528,14.319,-567,-528,0.46,false
wv3:L11-B:MOB-27:000,ordinary,MOB-27,v3_root_crawler,L11,L11-B,surface,43,-525,528,12.775,-525,-528,0.46,false
wv3:L11-B:MOB-27:001,ordinary,MOB-27,v3_root_crawler,L11,L11-B,surface,43,-525,531,12.797,-525,-531,0.46,false
wv3:L11-B:MOB-27:002,ordinary,MOB-27,v3_root_crawler,L11,L11-B,surface,43,-525,525,12.758,-525,-525,0.46,false
wv3:L11-B:MOB-27:003,ordinary,MOB-27,v3_root_crawler,L11,L11-B,surface,43,-528,528,12.941,-528,-528,0.46,false
wv3:L11-B:MOB-27:004,ordinary,MOB-27,v3_root_crawler,L11,L11-B,surface,43,-528,531,12.963,-528,-531,0.46,false
wv3:L11-B:MOB-27:005,ordinary,MOB-27,v3_root_crawler,L11,L11-B,surface,43,-525,507,12.893,-525,-507,0.46,false
wv3:L11-B:MOB-27:006,ordinary,MOB-27,v3_root_crawler,L11,L11-B,surface,44,-525,510,12.834,-525,-510,0.46,false
wv3:L11-B:MOB-27:007,ordinary,MOB-27,v3_root_crawler,L11,L11-B,surface,44,-528,507,13.046,-528,-507,0.46,false
wv3:L11-B:MOB-27:008,ordinary,MOB-27,v3_root_crawler,L11,L11-B,surface,44,-525,504,12.968,-525,-504,0.46,false
wv3:L11-B:MOB-27:009,ordinary,MOB-27,v3_root_crawler,L11,L11-B,surface,44,-528,510,12.99,-528,-510,0.46,false
wv3:L11-B:MOB-27:010,ordinary,MOB-27,v3_root_crawler,L11,L11-B,surface,44,-471,555,12.769,-471,-555,0.46,false
wv3:L11-B:MOB-27:011,ordinary,MOB-27,v3_root_crawler,L11,L11-B,surface,44,-471,558,12.868,-471,-558,0.46,false
wv3:L11-B:MOB-27:012,ordinary,MOB-27,v3_root_crawler,L11,L11-B,surface,45,-468,555,12.91,-468,-555,0.46,false
wv3:L11-B:MOB-27:013,ordinary,MOB-27,v3_root_crawler,L11,L11-B,surface,45,-468,552,12.792,-468,-552,0.46,false
wv3:L11-B:MOB-27:014,ordinary,MOB-27,v3_root_crawler,L11,L11-B,surface,45,-468,558,13.014,-468,-558,0.46,false
wv3:L11-B:MOB-27:015,ordinary,MOB-27,v3_root_crawler,L11,L11-B,surface,45,-513,492,12.822,-513,-492,0.46,false
wv3:L11-B:MOB-27:016,ordinary,MOB-27,v3_root_crawler,L11,L11-B,surface,45,-516,492,12.983,-516,-492,0.46,false
wv3:L11-B:MOB-27:017,ordinary,MOB-27,v3_root_crawler,L11,L11-B,surface,45,-513,489,12.984,-513,-489,0.46,false
wv3:L11-B:MOB-27:018,ordinary,MOB-27,v3_root_crawler,L11,L11-B,surface,46,-516,495,12.837,-516,-495,0.46,false
wv3:L11-B:MOB-27:019,ordinary,MOB-27,v3_root_crawler,L11,L11-B,surface,46,-510,489,12.822,-510,-489,0.46,false
wv3:L11-B:MOB-27:020,ordinary,MOB-27,v3_root_crawler,L11,L11-B,surface,46,-456,540,12.766,-456,-540,0.46,false
wv3:L11-B:MOB-27:021,ordinary,MOB-27,v3_root_crawler,L11,L11-B,surface,46,-456,543,12.944,-456,-543,0.46,false
wv3:L11-B:MOB-27:022,ordinary,MOB-27,v3_root_crawler,L11,L11-B,surface,46,-453,540,12.926,-453,-540,0.46,false
wv3:L11-B:MOB-27:023,ordinary,MOB-27,v3_root_crawler,L11,L11-B,surface,47,-459,543,12.787,-459,-543,0.46,false
wv3:L11-B:MOB-27:024,ordinary,MOB-27,v3_root_crawler,L11,L11-B,surface,47,-453,543,13.106,-453,-543,0.46,false
wv3:L11-B:MOB-27:025,ordinary,MOB-27,v3_root_crawler,L11,L11-B,surface,47,-543,519,13.623,-543,-519,0.46,false
wv3:L11-B:MOB-27:026,ordinary,MOB-27,v3_root_crawler,L11,L11-B,surface,47,-540,519,13.503,-540,-519,0.46,false
wv3:L11-B:MOB-27:027,ordinary,MOB-27,v3_root_crawler,L11,L11-B,surface,47,-543,522,13.646,-543,-522,0.46,false
wv3:L11-B:MOB-27:028,ordinary,MOB-27,v3_root_crawler,L11,L11-B,surface,47,-543,516,13.61,-543,-516,0.46,false
wv3:L11-B:MOB-27:029,ordinary,MOB-27,v3_root_crawler,L11,L11-B,surface,48,-546,519,13.733,-546,-519,0.46,false
wv3:L11-B:MOB-27:030,ordinary,MOB-27,v3_root_crawler,L11,L11-B,surface,48,-477,576,12.82,-477,-576,0.46,false
wv3:L11-B:MOB-27:031,ordinary,MOB-27,v3_root_crawler,L11,L11-B,surface,48,-474,576,12.975,-474,-576,0.46,false
wv3:L11-B:MOB-27:032,ordinary,MOB-27,v3_root_crawler,L11,L11-B,surface,48,-477,579,12.812,-477,-579,0.46,false
wv3:L11-B:MOB-27:033,ordinary,MOB-27,v3_root_crawler,L11,L11-B,surface,48,-474,573,12.969,-474,-573,0.46,false
wv3:L11-B:MOB-27:034,ordinary,MOB-27,v3_root_crawler,L11,L11-B,surface,48,-474,579,12.97,-474,-579,0.46,false
wv3:L11-B:MOB-27:035,ordinary,MOB-27,v3_root_crawler,L11,L11-B,surface,49,-540,495,13.817,-540,-495,0.46,false
wv3:L11-B:MOB-27:036,ordinary,MOB-27,v3_root_crawler,L11,L11-B,surface,49,-537,495,13.739,-537,-495,0.46,false
wv3:L11-B:MOB-27:037,ordinary,MOB-27,v3_root_crawler,L11,L11-B,surface,49,-540,498,13.73,-540,-498,0.46,false
wv3:L11-B:MOB-27:038,ordinary,MOB-27,v3_root_crawler,L11,L11-B,surface,49,-540,492,13.914,-540,-492,0.46,false
wv3:L11-B:MOB-27:039,ordinary,MOB-27,v3_root_crawler,L11,L11-B,surface,49,-543,495,13.875,-543,-495,0.46,false
wv3:L12-A:MOB-20:000,ordinary,MOB-20,undead,L12,L12-A,surface,30,441,327,18.454,441,-327,0.46,false
wv3:L12-A:MOB-20:001,ordinary,MOB-20,undead,L12,L12-A,surface,30,444,327,18.363,444,-327,0.46,false
wv3:L12-A:MOB-20:002,ordinary,MOB-20,undead,L12,L12-A,surface,30,441,324,18.315,441,-324,0.46,false
wv3:L12-A:MOB-20:003,ordinary,MOB-20,undead,L12,L12-A,surface,30,441,330,18.634,441,-330,0.46,false
wv3:L12-A:MOB-20:004,ordinary,MOB-20,undead,L12,L12-A,surface,30,438,327,18.577,438,-327,0.46,false
wv3:L12-A:MOB-20:005,ordinary,MOB-20,undead,L12,L12-A,surface,31,456,315,18.569,456,-315,0.46,false
wv3:L12-A:MOB-20:006,ordinary,MOB-20,undead,L12,L12-A,surface,31,453,315,18.406,453,-315,0.46,false
wv3:L12-A:MOB-20:007,ordinary,MOB-20,undead,L12,L12-A,surface,31,456,318,18.51,456,-318,0.46,false
wv3:L12-A:MOB-20:008,ordinary,MOB-20,undead,L12,L12-A,surface,31,456,312,18.665,456,-312,0.46,false
wv3:L12-A:MOB-20:009,ordinary,MOB-20,undead,L12,L12-A,surface,31,459,315,18.753,459,-315,0.46,false
wv3:L12-A:MOB-20:010,ordinary,MOB-20,undead,L12,L12-A,surface,32,456,339,19.078,456,-339,0.46,false
wv3:L12-A:MOB-20:011,ordinary,MOB-20,undead,L12,L12-A,surface,32,453,339,19.072,453,-339,0.46,false
wv3:L12-A:MOB-20:012,ordinary,MOB-20,undead,L12,L12-A,surface,32,459,339,19.13,459,-339,0.46,false
wv3:L12-A:MOB-20:013,ordinary,MOB-20,undead,L12,L12-A,surface,32,450,339,19.115,450,-339,0.46,false
wv3:L12-A:MOB-20:014,ordinary,MOB-20,undead,L12,L12-A,surface,32,456,345,19.414,456,-345,0.46,false
wv3:L12-A:MOB-20:015,ordinary,MOB-20,undead,L12,L12-A,surface,33,429,312,19.361,429,-312,0.46,false
wv3:L12-A:MOB-20:016,ordinary,MOB-20,undead,L12,L12-A,surface,33,429,315,19.187,429,-315,0.46,false
wv3:L12-A:MOB-20:017,ordinary,MOB-20,undead,L12,L12-A,surface,33,432,312,19.042,432,-312,0.46,false
wv3:L12-A:MOB-20:018,ordinary,MOB-20,undead,L12,L12-A,surface,33,426,312,19.697,426,-312,0.46,false
wv3:L12-A:MOB-20:019,ordinary,MOB-20,undead,L12,L12-A,surface,33,429,309,19.605,429,-309,0.46,false
wv3:L12-A:MOB-20:020,ordinary,MOB-20,undead,L12,L12-A,surface,34,429,342,19.436,429,-342,0.46,false
wv3:L12-A:MOB-20:021,ordinary,MOB-20,undead,L12,L12-A,surface,34,429,339,19.32,429,-339,0.46,false
wv3:L12-A:MOB-20:022,ordinary,MOB-20,undead,L12,L12-A,surface,34,432,342,19.605,432,-342,0.46,false
wv3:L12-A:MOB-20:023,ordinary,MOB-20,undead,L12,L12-A,surface,34,426,342,19.195,426,-342,0.46,false
wv3:L12-A:MOB-20:024,ordinary,MOB-20,undead,L12,L12-A,surface,34,429,345,19.562,429,-345,0.46,false
wv3:L12-A:MOB-20:025,ordinary,MOB-20,undead,L12,L12-A,surface,35,417,327,18.893,417,-327,0.46,false
wv3:L12-A:MOB-20:026,ordinary,MOB-20,undead,L12,L12-A,surface,35,420,327,19,420,-327,0.46,false
wv3:L12-A:MOB-20:027,ordinary,MOB-20,undead,L12,L12-A,surface,35,417,324,19.156,417,-324,0.46,false
wv3:L12-A:MOB-20:028,ordinary,MOB-20,undead,L12,L12-A,surface,35,417,330,18.647,417,-330,0.46,false
wv3:L12-A:MOB-20:029,ordinary,MOB-20,undead,L12,L12-A,surface,35,414,327,18.721,414,-327,0.46,false
wv3:L12-A:MOB-20:030,ordinary,MOB-20,undead,L12,L12-A,surface,36,444,300,19.558,444,-300,0.46,false
wv3:L12-A:MOB-20:031,ordinary,MOB-20,undead,L12,L12-A,surface,36,444,303,19.151,444,-303,0.46,false
wv3:L12-A:MOB-20:032,ordinary,MOB-20,undead,L12,L12-A,surface,36,441,300,19.646,441,-300,0.46,false
wv3:L12-A:MOB-20:033,ordinary,MOB-20,undead,L12,L12-A,surface,36,447,300,19.523,447,-300,0.46,false
wv3:L12-A:MOB-20:034,ordinary,MOB-20,undead,L12,L12-A,surface,36,444,297,20.032,444,-297,0.46,false
wv3:L12-A:MOB-22:000,ordinary,MOB-22,night_zombie,L12,L12-A,surface,35,498,294,23.656,498,-294,0.46,false
wv3:L12-A:MOB-22:001,ordinary,MOB-22,night_zombie,L12,L12-A,surface,35,495,294,20.926,495,-294,0.46,false
wv3:L12-A:MOB-22:002,ordinary,MOB-22,night_zombie,L12,L12-A,surface,35,498,297,23.592,498,-297,0.46,false
wv3:L12-A:MOB-22:003,ordinary,MOB-22,night_zombie,L12,L12-A,surface,35,498,291,23.712,498,-291,0.46,false
wv3:L12-A:MOB-22:004,ordinary,MOB-22,night_zombie,L12,L12-A,surface,35,501,294,26.467,501,-294,0.46,false
wv3:L12-A:MOB-22:005,ordinary,MOB-22,night_zombie,L12,L12-A,surface,36,483,306,18.137,483,-306,0.46,false
wv3:L12-A:MOB-22:006,ordinary,MOB-22,night_zombie,L12,L12-A,surface,36,486,306,17.962,486,-306,0.46,false
wv3:L12-A:MOB-22:007,ordinary,MOB-22,night_zombie,L12,L12-A,surface,36,483,303,17.959,483,-303,0.46,false
wv3:L12-A:MOB-22:008,ordinary,MOB-22,night_zombie,L12,L12-A,surface,36,483,309,18.344,483,-309,0.46,false
wv3:L12-A:MOB-22:009,ordinary,MOB-22,night_zombie,L12,L12-A,surface,36,480,306,18.339,480,-306,0.46,false
wv3:L12-A:MOB-22:010,ordinary,MOB-22,night_zombie,L12,L12-A,surface,37,483,282,18.103,483,-282,0.46,false
wv3:L12-A:MOB-22:011,ordinary,MOB-22,night_zombie,L12,L12-A,surface,37,486,282,18.035,486,-282,0.46,false
wv3:L12-A:MOB-22:012,ordinary,MOB-22,night_zombie,L12,L12-A,surface,37,483,285,17.895,483,-285,0.46,false
wv3:L12-A:MOB-22:013,ordinary,MOB-22,night_zombie,L12,L12-A,surface,37,483,279,18.387,483,-279,0.46,false
wv3:L12-A:MOB-22:014,ordinary,MOB-22,night_zombie,L12,L12-A,surface,37,480,282,18.265,480,-282,0.46,false
wv3:L12-A:MOB-22:015,ordinary,MOB-22,night_zombie,L12,L12-A,surface,38,507,312,29.71,507,-312,0.46,false
wv3:L12-A:MOB-22:016,ordinary,MOB-22,night_zombie,L12,L12-A,surface,38,507,309,29.814,507,-309,0.46,false
wv3:L12-A:MOB-22:017,ordinary,MOB-22,night_zombie,L12,L12-A,surface,38,504,312,28.408,504,-312,0.46,false
wv3:L12-A:MOB-22:018,ordinary,MOB-22,night_zombie,L12,L12-A,surface,38,507,315,29.6,507,-315,0.46,false
wv3:L12-A:MOB-22:019,ordinary,MOB-22,night_zombie,L12,L12-A,surface,38,504,309,28.495,504,-309,0.46,false
wv3:L12-A:MOB-22:020,ordinary,MOB-22,night_zombie,L12,L12-A,surface,39,507,276,30.917,507,-276,0.46,false
wv3:L12-A:MOB-22:021,ordinary,MOB-22,night_zombie,L12,L12-A,surface,39,507,279,30.82,507,-279,0.46,false
wv3:L12-A:MOB-22:022,ordinary,MOB-22,night_zombie,L12,L12-A,surface,39,504,276,29.304,504,-276,0.46,false
wv3:L12-A:MOB-22:023,ordinary,MOB-22,night_zombie,L12,L12-A,surface,39,507,273,31.005,507,-273,0.46,false
wv3:L12-A:MOB-22:024,ordinary,MOB-22,night_zombie,L12,L12-A,surface,39,504,279,29.246,504,-279,0.46,false
wv3:L12-A:MOB-22:025,ordinary,MOB-22,night_zombie,L12,L12-A,surface,40,519,294,29.03,519,-294,0.46,false
wv3:L12-A:MOB-22:026,ordinary,MOB-22,night_zombie,L12,L12-A,surface,40,516,294,30.511,516,-294,0.46,false
wv3:L12-A:MOB-22:027,ordinary,MOB-22,night_zombie,L12,L12-A,surface,40,519,297,28.836,519,-297,0.46,false
wv3:L12-A:MOB-22:028,ordinary,MOB-22,night_zombie,L12,L12-A,surface,40,519,291,29.216,519,-291,0.46,false
wv3:L12-A:MOB-22:029,ordinary,MOB-22,night_zombie,L12,L12-A,surface,40,522,294,26.603,522,-294,0.46,false
wv3:L12-A:MOB-22:030,ordinary,MOB-22,night_zombie,L12,L12-A,surface,41,468,294,19.129,468,-294,0.46,false
wv3:L12-A:MOB-22:031,ordinary,MOB-22,night_zombie,L12,L12-A,surface,41,471,294,18.79,471,-294,0.46,false
wv3:L12-A:MOB-22:032,ordinary,MOB-22,night_zombie,L12,L12-A,surface,41,468,297,19.059,468,-297,0.46,false
wv3:L12-A:MOB-22:033,ordinary,MOB-22,night_zombie,L12,L12-A,surface,41,468,291,19.24,468,-291,0.46,false
wv3:L12-A:MOB-22:034,ordinary,MOB-22,night_zombie,L12,L12-A,surface,41,465,294,19.445,465,-294,0.46,false
wv3:L12-B:MOB-28:000,ordinary,MOB-28,v3_gargoyle,L12,L12-B,surface,45,393,507,24.133,393,-507,0.46,false
wv3:L12-B:MOB-28:001,ordinary,MOB-28,v3_gargoyle,L12,L12-B,surface,45,393,504,24.15,393,-504,0.46,false
wv3:L12-B:MOB-28:002,ordinary,MOB-28,v3_gargoyle,L12,L12-B,surface,45,390,507,23.995,390,-507,0.46,false
wv3:L12-B:MOB-28:003,ordinary,MOB-28,v3_gargoyle,L12,L12-B,surface,45,396,507,24.255,396,-507,0.46,false
wv3:L12-B:MOB-28:004,ordinary,MOB-28,v3_gargoyle,L12,L12-B,surface,46,393,510,24.068,393,-510,0.46,false
wv3:L12-B:MOB-28:005,ordinary,MOB-28,v3_gargoyle,L12,L12-B,surface,46,381,492,22.651,381,-492,0.46,false
wv3:L12-B:MOB-28:006,ordinary,MOB-28,v3_gargoyle,L12,L12-B,surface,46,381,495,22.917,381,-495,0.46,false
wv3:L12-B:MOB-28:007,ordinary,MOB-28,v3_gargoyle,L12,L12-B,surface,46,384,492,22.925,384,-492,0.46,false
wv3:L12-B:MOB-28:008,ordinary,MOB-28,v3_gargoyle,L12,L12-B,surface,47,378,492,22.388,378,-492,0.46,false
wv3:L12-B:MOB-28:009,ordinary,MOB-28,v3_gargoyle,L12,L12-B,surface,47,381,489,22.348,381,-489,0.46,false
wv3:L12-B:MOB-28:010,ordinary,MOB-28,v3_gargoyle,L12,L12-B,surface,47,405,492,23.58,405,-492,0.46,false
wv3:L12-B:MOB-28:011,ordinary,MOB-28,v3_gargoyle,L12,L12-B,surface,48,405,495,23.845,405,-495,0.46,false
wv3:L12-B:MOB-28:012,ordinary,MOB-28,v3_gargoyle,L12,L12-B,surface,48,402,492,23.686,402,-492,0.46,false
wv3:L12-B:MOB-28:013,ordinary,MOB-28,v3_gargoyle,L12,L12-B,surface,48,408,492,23.432,408,-492,0.46,false
wv3:L12-B:MOB-28:014,ordinary,MOB-28,v3_gargoyle,L12,L12-B,surface,48,405,489,23.253,405,-489,0.46,false
wv3:L12-B:MOB-28:015,ordinary,MOB-28,v3_gargoyle,L12,L12-B,surface,49,378,519,23.988,378,-519,0.46,false
wv3:L12-B:MOB-28:016,ordinary,MOB-28,v3_gargoyle,L12,L12-B,surface,49,381,519,23.784,381,-519,0.46,false
wv3:L12-B:MOB-28:017,ordinary,MOB-28,v3_gargoyle,L12,L12-B,surface,49,378,516,23.956,378,-516,0.46,false
wv3:L12-B:MOB-28:018,ordinary,MOB-28,v3_gargoyle,L12,L12-B,surface,50,378,522,23.986,378,-522,0.46,false
wv3:L12-B:MOB-28:019,ordinary,MOB-28,v3_gargoyle,L12,L12-B,surface,50,375,519,24.234,375,-519,0.46,false
wv3:L12-B:MOB-28:020,ordinary,MOB-28,v3_gargoyle,L12,L12-B,surface,50,408,519,23.888,408,-519,0.46,false
wv3:L12-B:MOB-28:021,ordinary,MOB-28,v3_gargoyle,L12,L12-B,surface,50,405,519,23.872,405,-519,0.46,false
wv3:L12-B:MOB-28:022,ordinary,MOB-28,v3_gargoyle,L12,L12-B,surface,51,408,516,24.036,408,-516,0.46,false
wv3:L12-B:MOB-28:023,ordinary,MOB-28,v3_gargoyle,L12,L12-B,surface,51,408,522,23.71,408,-522,0.46,false
wv3:L12-B:MOB-28:024,ordinary,MOB-28,v3_gargoyle,L12,L12-B,surface,51,411,519,23.86,411,-519,0.46,false
wv3:L12-B:MOB-37:000,ordinary,MOB-37,v3_living_armor,L12,L12-B,surface,60,447,474,23.701,447,-474,0.46,false
wv3:L12-B:MOB-37:001,ordinary,MOB-37,v3_living_armor,L12,L12-B,surface,60,450,474,23.583,450,-474,0.46,false
wv3:L12-B:MOB-37:002,ordinary,MOB-37,v3_living_armor,L12,L12-B,surface,60,447,477,23.743,447,-477,0.46,false
wv3:L12-B:MOB-37:003,ordinary,MOB-37,v3_living_armor,L12,L12-B,surface,60,447,471,23.623,447,-471,0.46,false
wv3:L12-B:MOB-37:004,ordinary,MOB-37,v3_living_armor,L12,L12-B,surface,61,444,474,23.737,444,-474,0.46,false
wv3:L12-B:MOB-37:005,ordinary,MOB-37,v3_living_armor,L12,L12-B,surface,61,462,486,22.819,462,-486,0.46,false
wv3:L12-B:MOB-37:006,ordinary,MOB-37,v3_living_armor,L12,L12-B,surface,61,459,486,23.128,459,-486,0.46,false
wv3:L12-B:MOB-37:007,ordinary,MOB-37,v3_living_armor,L12,L12-B,surface,61,462,483,22.702,462,-483,0.46,false
wv3:L12-B:MOB-37:008,ordinary,MOB-37,v3_living_armor,L12,L12-B,surface,62,462,489,22.956,462,-489,0.46,false
wv3:L12-B:MOB-37:009,ordinary,MOB-37,v3_living_armor,L12,L12-B,surface,62,465,486,22.472,465,-486,0.46,false
wv3:L12-B:MOB-37:010,ordinary,MOB-37,v3_living_armor,L12,L12-B,surface,62,462,462,22.262,462,-462,0.46,false
wv3:L12-B:MOB-37:011,ordinary,MOB-37,v3_living_armor,L12,L12-B,surface,63,459,462,22.458,459,-462,0.46,false
wv3:L12-B:MOB-37:012,ordinary,MOB-37,v3_living_armor,L12,L12-B,surface,63,462,465,22.295,462,-465,0.46,false
wv3:L12-B:MOB-37:013,ordinary,MOB-37,v3_living_armor,L12,L12-B,surface,63,462,459,22.233,462,-459,0.46,false
wv3:L12-B:MOB-37:014,ordinary,MOB-37,v3_living_armor,L12,L12-B,surface,63,465,462,22.097,465,-462,0.46,false
wv3:L12-B:MOB-37:015,ordinary,MOB-37,v3_living_armor,L12,L12-B,surface,64,435,489,23.024,435,-489,0.46,false
wv3:L12-B:MOB-37:016,ordinary,MOB-37,v3_living_armor,L12,L12-B,surface,64,435,486,23.118,435,-486,0.46,false
wv3:L12-B:MOB-37:017,ordinary,MOB-37,v3_living_armor,L12,L12-B,surface,64,438,489,23.213,438,-489,0.46,false
wv3:L12-B:MOB-37:018,ordinary,MOB-37,v3_living_armor,L12,L12-B,surface,65,432,489,22.851,432,-489,0.46,false
wv3:L12-B:MOB-37:019,ordinary,MOB-37,v3_living_armor,L12,L12-B,surface,65,435,492,22.928,435,-492,0.46,false
wv3:L12-B:MOB-37:020,ordinary,MOB-37,v3_living_armor,L12,L12-B,surface,65,435,459,22.658,435,-459,0.46,false
wv3:L12-B:MOB-37:021,ordinary,MOB-37,v3_living_armor,L12,L12-B,surface,65,435,462,22.864,435,-462,0.46,false
wv3:L12-B:MOB-37:022,ordinary,MOB-37,v3_living_armor,L12,L12-B,surface,66,438,459,22.866,438,-459,0.46,false
wv3:L12-B:MOB-37:023,ordinary,MOB-37,v3_living_armor,L12,L12-B,surface,66,432,459,22.367,432,-459,0.46,false
wv3:L12-B:MOB-37:024,ordinary,MOB-37,v3_living_armor,L12,L12-B,surface,66,438,456,22.612,438,-456,0.46,false
wv3:L12-C:MOB-43:000,ordinary,MOB-43,v3_banshee,L12,L12-C,surface,70,501,666,15.352,501,-666,0.46,false
wv3:L12-C:MOB-43:001,ordinary,MOB-43,v3_banshee,L12,L12-C,surface,70,504,666,15.067,504,-666,0.46,false
wv3:L12-C:MOB-43:002,ordinary,MOB-43,v3_banshee,L12,L12-C,surface,70,501,663,15.719,501,-663,0.46,false
wv3:L12-C:MOB-43:003,ordinary,MOB-43,v3_banshee,L12,L12-C,surface,70,501,669,14.998,501,-669,0.46,false
wv3:L12-C:MOB-43:004,ordinary,MOB-43,v3_banshee,L12,L12-C,surface,70,498,666,15.601,498,-666,0.46,false
wv3:L12-C:MOB-43:005,ordinary,MOB-43,v3_banshee,L12,L12-C,surface,71,516,654,15.589,516,-654,0.46,false
wv3:L12-C:MOB-43:006,ordinary,MOB-43,v3_banshee,L12,L12-C,surface,71,513,654,15.744,513,-654,0.46,false
wv3:L12-C:MOB-43:007,ordinary,MOB-43,v3_banshee,L12,L12-C,surface,71,516,657,15.12,516,-657,0.46,false
wv3:L12-C:MOB-43:008,ordinary,MOB-43,v3_banshee,L12,L12-C,surface,71,516,651,16.093,516,-651,0.46,false
wv3:L12-C:MOB-43:009,ordinary,MOB-43,v3_banshee,L12,L12-C,surface,72,519,654,15.497,519,-654,0.46,false
wv3:L12-C:MOB-43:010,ordinary,MOB-43,v3_banshee,L12,L12-C,surface,72,516,678,13.245,516,-678,0.46,false
wv3:L12-C:MOB-43:011,ordinary,MOB-43,v3_banshee,L12,L12-C,surface,72,513,678,13.415,513,-678,0.46,false
wv3:L12-C:MOB-43:012,ordinary,MOB-43,v3_banshee,L12,L12-C,surface,72,516,675,13.334,516,-675,0.46,false
wv3:L12-C:MOB-43:013,ordinary,MOB-43,v3_banshee,L12,L12-C,surface,73,516,681,13.226,516,-681,0.46,false
wv3:L12-C:MOB-43:014,ordinary,MOB-43,v3_banshee,L12,L12-C,surface,73,519,678,13.112,519,-678,0.46,false
wv3:L12-C:MOB-43:015,ordinary,MOB-43,v3_banshee,L12,L12-C,surface,73,489,651,18.071,489,-651,0.46,false
wv3:L12-C:MOB-43:016,ordinary,MOB-43,v3_banshee,L12,L12-C,surface,73,489,654,17.731,489,-654,0.46,false
wv3:L12-C:MOB-43:017,ordinary,MOB-43,v3_banshee,L12,L12-C,surface,73,492,651,17.917,492,-651,0.46,false
wv3:L12-C:MOB-43:018,ordinary,MOB-43,v3_banshee,L12,L12-C,surface,74,486,651,18.153,486,-651,0.46,false
wv3:L12-C:MOB-43:019,ordinary,MOB-43,v3_banshee,L12,L12-C,surface,74,489,648,18.365,489,-648,0.46,false
wv3:L12-C:MOB-43:020,ordinary,MOB-43,v3_banshee,L12,L12-C,surface,74,489,681,13.301,489,-681,0.46,false
wv3:L12-C:MOB-43:021,ordinary,MOB-43,v3_banshee,L12,L12-C,surface,74,489,678,13.813,489,-678,0.46,false
wv3:L12-C:MOB-43:022,ordinary,MOB-43,v3_banshee,L12,L12-C,surface,75,492,681,13.46,492,-681,0.46,false
wv3:L12-C:MOB-43:023,ordinary,MOB-43,v3_banshee,L12,L12-C,surface,75,486,681,13.125,486,-681,0.46,false
wv3:L12-C:MOB-43:024,ordinary,MOB-43,v3_banshee,L12,L12-C,surface,75,489,684,12.806,489,-684,0.46,false
wv3:L12-C:MOB-43:025,ordinary,MOB-43,v3_banshee,L12,L12-C,surface,75,477,666,15.545,477,-666,0.46,false
wv3:L12-C:MOB-43:026,ordinary,MOB-43,v3_banshee,L12,L12-C,surface,76,480,666,15.701,480,-666,0.46,false
wv3:L12-C:MOB-43:027,ordinary,MOB-43,v3_banshee,L12,L12-C,surface,76,477,663,16.078,477,-663,0.46,false
wv3:L12-C:MOB-43:028,ordinary,MOB-43,v3_banshee,L12,L12-C,surface,76,477,669,14.985,477,-669,0.46,false
wv3:L12-C:MOB-43:029,ordinary,MOB-43,v3_banshee,L12,L12-C,surface,76,480,663,16.248,480,-663,0.46,false
wv3:L12-C:MOB-44:000,ordinary,MOB-44,night_skeleton,L12,L12-C,surface,72,558,633,14.863,558,-633,0.46,false
wv3:L12-C:MOB-44:001,ordinary,MOB-44,night_skeleton,L12,L12-C,surface,72,555,633,15.231,555,-633,0.46,false
wv3:L12-C:MOB-44:002,ordinary,MOB-44,night_skeleton,L12,L12-C,surface,72,558,636,14.513,558,-636,0.46,false
wv3:L12-C:MOB-44:003,ordinary,MOB-44,night_skeleton,L12,L12-C,surface,72,558,630,15.256,558,-630,0.46,false
wv3:L12-C:MOB-44:004,ordinary,MOB-44,night_skeleton,L12,L12-C,surface,72,561,633,14.586,561,-633,0.46,false
wv3:L12-C:MOB-44:005,ordinary,MOB-44,night_skeleton,L12,L12-C,surface,72,543,645,15.939,543,-645,0.46,false
wv3:L12-C:MOB-44:006,ordinary,MOB-44,night_skeleton,L12,L12-C,surface,73,546,645,15.523,546,-645,0.46,false
wv3:L12-C:MOB-44:007,ordinary,MOB-44,night_skeleton,L12,L12-C,surface,73,543,642,16.244,543,-642,0.46,false
wv3:L12-C:MOB-44:008,ordinary,MOB-44,night_skeleton,L12,L12-C,surface,73,543,648,15.635,543,-648,0.46,false
wv3:L12-C:MOB-44:009,ordinary,MOB-44,night_skeleton,L12,L12-C,surface,73,540,645,16.296,540,-645,0.46,false
wv3:L12-C:MOB-44:010,ordinary,MOB-44,night_skeleton,L12,L12-C,surface,73,543,621,18.504,543,-621,0.46,false
wv3:L12-C:MOB-44:011,ordinary,MOB-44,night_skeleton,L12,L12-C,surface,73,546,621,18.03,546,-621,0.46,false
wv3:L12-C:MOB-44:012,ordinary,MOB-44,night_skeleton,L12,L12-C,surface,74,543,624,18.202,543,-624,0.46,false
wv3:L12-C:MOB-44:013,ordinary,MOB-44,night_skeleton,L12,L12-C,surface,74,543,618,18.801,543,-618,0.46,false
wv3:L12-C:MOB-44:014,ordinary,MOB-44,night_skeleton,L12,L12-C,surface,74,540,621,19.001,540,-621,0.46,false
wv3:L12-C:MOB-44:015,ordinary,MOB-44,night_skeleton,L12,L12-C,surface,74,570,648,12.948,570,-648,0.46,false
wv3:L12-C:MOB-44:016,ordinary,MOB-44,night_skeleton,L12,L12-C,surface,74,570,645,13.08,570,-645,0.46,false
wv3:L12-C:MOB-44:017,ordinary,MOB-44,night_skeleton,L12,L12-C,surface,74,567,648,12.999,567,-648,0.46,false
wv3:L12-C:MOB-44:018,ordinary,MOB-44,night_skeleton,L12,L12-C,surface,75,573,648,13.007,573,-648,0.46,false
wv3:L12-C:MOB-44:019,ordinary,MOB-44,night_skeleton,L12,L12-C,surface,75,570,651,12.895,570,-651,0.46,false
wv3:L12-C:MOB-44:020,ordinary,MOB-44,night_skeleton,L12,L12-C,surface,75,570,618,16.75,570,-618,0.46,false
wv3:L12-C:MOB-44:021,ordinary,MOB-44,night_skeleton,L12,L12-C,surface,75,570,621,16.211,570,-621,0.46,false
wv3:L12-C:MOB-44:022,ordinary,MOB-44,night_skeleton,L12,L12-C,surface,75,567,618,16.829,567,-618,0.46,false
wv3:L12-C:MOB-44:023,ordinary,MOB-44,night_skeleton,L12,L12-C,surface,76,573,618,16.656,573,-618,0.46,false
wv3:L12-C:MOB-44:024,ordinary,MOB-44,night_skeleton,L12,L12-C,surface,76,570,615,17.287,570,-615,0.46,false
wv3:L12-C:MOB-44:025,ordinary,MOB-44,night_skeleton,L12,L12-C,surface,76,582,633,14.537,582,-633,0.46,false
wv3:L12-C:MOB-44:026,ordinary,MOB-44,night_skeleton,L12,L12-C,surface,76,579,633,14.454,579,-633,0.46,false
wv3:L12-C:MOB-44:027,ordinary,MOB-44,night_skeleton,L12,L12-C,surface,76,582,636,14.281,582,-636,0.46,false
wv3:L12-C:MOB-44:028,ordinary,MOB-44,night_skeleton,L12,L12-C,surface,76,582,630,14.821,582,-630,0.46,false
wv3:L12-C:MOB-44:029,ordinary,MOB-44,night_skeleton,L12,L12-C,surface,77,585,633,14.614,585,-633,0.46,false
wv3:L12-C:MOB-44:030,ordinary,MOB-44,night_skeleton,L12,L12-C,surface,77,555,660,14.055,555,-660,0.46,false
wv3:L12-C:MOB-44:031,ordinary,MOB-44,night_skeleton,L12,L12-C,surface,77,555,657,13.994,555,-657,0.46,false
wv3:L12-C:MOB-44:032,ordinary,MOB-44,night_skeleton,L12,L12-C,surface,77,558,660,13.815,558,-660,0.46,false
wv3:L12-C:MOB-44:033,ordinary,MOB-44,night_skeleton,L12,L12-C,surface,77,552,660,14.278,552,-660,0.46,false
wv3:L12-C:MOB-44:034,ordinary,MOB-44,night_skeleton,L12,L12-C,surface,77,555,663,14.173,555,-663,0.46,false
wv3:L12-C:MOB-44:035,ordinary,MOB-44,night_skeleton,L12,L12-C,surface,78,555,606,19.219,555,-606,0.46,false
wv3:L12-C:MOB-44:036,ordinary,MOB-44,night_skeleton,L12,L12-C,surface,78,555,609,18.774,555,-609,0.46,false
wv3:L12-C:MOB-44:037,ordinary,MOB-44,night_skeleton,L12,L12-C,surface,78,558,606,19.162,558,-606,0.46,false
wv3:L12-C:MOB-44:038,ordinary,MOB-44,night_skeleton,L12,L12-C,surface,78,552,606,19.295,552,-606,0.46,false
wv3:L12-C:MOB-44:039,ordinary,MOB-44,night_skeleton,L12,L12-C,surface,78,555,603,19.624,555,-603,0.46,false
wv3:L12-C:MOB-45:000,ordinary,MOB-45,v3_grave_knight,L12,L12-C,surface,78,612,600,17.038,612,-600,0.46,false
wv3:L12-C:MOB-45:001,ordinary,MOB-45,v3_grave_knight,L12,L12-C,surface,78,612,603,16.606,612,-603,0.46,false
wv3:L12-C:MOB-45:002,ordinary,MOB-45,v3_grave_knight,L12,L12-C,surface,78,615,600,17.274,615,-600,0.46,false
wv3:L12-C:MOB-45:003,ordinary,MOB-45,v3_grave_knight,L12,L12-C,surface,78,609,600,16.835,609,-600,0.46,false
wv3:L12-C:MOB-45:004,ordinary,MOB-45,v3_grave_knight,L12,L12-C,surface,79,612,597,17.491,612,-597,0.46,false
wv3:L12-C:MOB-45:005,ordinary,MOB-45,v3_grave_knight,L12,L12-C,surface,79,624,615,16.846,624,-615,0.46,false
wv3:L12-C:MOB-45:006,ordinary,MOB-45,v3_grave_knight,L12,L12-C,surface,79,624,612,17.024,624,-612,0.46,false
wv3:L12-C:MOB-45:007,ordinary,MOB-45,v3_grave_knight,L12,L12-C,surface,79,621,615,16.393,621,-615,0.46,false
wv3:L12-C:MOB-45:008,ordinary,MOB-45,v3_grave_knight,L12,L12-C,surface,80,627,615,17.306,627,-615,0.46,false
wv3:L12-C:MOB-45:009,ordinary,MOB-45,v3_grave_knight,L12,L12-C,surface,80,624,618,16.69,624,-618,0.46,false
wv3:L12-C:MOB-45:010,ordinary,MOB-45,v3_grave_knight,L12,L12-C,surface,80,600,615,14.967,600,-615,0.46,false
wv3:L12-C:MOB-45:011,ordinary,MOB-45,v3_grave_knight,L12,L12-C,surface,81,600,612,15.202,600,-612,0.46,false
wv3:L12-C:MOB-45:012,ordinary,MOB-45,v3_grave_knight,L12,L12-C,surface,81,603,615,14.892,603,-615,0.46,false
wv3:L12-C:MOB-45:013,ordinary,MOB-45,v3_grave_knight,L12,L12-C,surface,81,597,615,15.138,597,-615,0.46,false
wv3:L12-C:MOB-45:014,ordinary,MOB-45,v3_grave_knight,L12,L12-C,surface,81,600,618,14.777,600,-618,0.46,false
wv3:L12-C:MOB-45:015,ordinary,MOB-45,v3_grave_knight,L12,L12-C,surface,82,627,588,18.814,627,-588,0.46,false
wv3:L12-C:MOB-45:016,ordinary,MOB-45,v3_grave_knight,L12,L12-C,surface,82,624,588,18.94,624,-588,0.46,false
wv3:L12-C:MOB-45:017,ordinary,MOB-45,v3_grave_knight,L12,L12-C,surface,82,627,591,18.639,627,-591,0.46,false
wv3:L12-C:MOB-45:018,ordinary,MOB-45,v3_grave_knight,L12,L12-C,surface,83,627,585,18.993,627,-585,0.46,false
wv3:L12-C:MOB-45:019,ordinary,MOB-45,v3_grave_knight,L12,L12-C,surface,83,630,588,18.65,630,-588,0.46,false
wv3:L12-C:MOB-45:020,ordinary,MOB-45,v3_grave_knight,L12,L12-C,surface,83,597,588,18.324,597,-588,0.46,false
wv3:L12-C:MOB-45:021,ordinary,MOB-45,v3_grave_knight,L12,L12-C,surface,83,600,588,18.364,600,-588,0.46,false
wv3:L12-C:MOB-45:022,ordinary,MOB-45,v3_grave_knight,L12,L12-C,surface,84,597,591,17.912,597,-591,0.46,false
wv3:L12-C:MOB-45:023,ordinary,MOB-45,v3_grave_knight,L12,L12-C,surface,84,597,585,18.711,597,-585,0.46,false
wv3:L12-C:MOB-45:024,ordinary,MOB-45,v3_grave_knight,L12,L12-C,surface,84,594,588,18.345,594,-588,0.46,false
wv3:L12-C:MOB-46:000,ordinary,MOB-46,v3_renegade_necromancer,L12,L12-C,surface,80,666,570,18.556,666,-570,0.46,false
wv3:L12-C:MOB-46:001,ordinary,MOB-46,v3_renegade_necromancer,L12,L12-C,surface,80,669,570,18.422,669,-570,0.46,false
wv3:L12-C:MOB-46:002,ordinary,MOB-46,v3_renegade_necromancer,L12,L12-C,surface,80,666,567,18.479,666,-567,0.46,false
wv3:L12-C:MOB-46:003,ordinary,MOB-46,v3_renegade_necromancer,L12,L12-C,surface,80,666,573,18.626,666,-573,0.46,false
wv3:L12-C:MOB-46:004,ordinary,MOB-46,v3_renegade_necromancer,L12,L12-C,surface,81,663,570,18.621,663,-570,0.46,false
wv3:L12-C:MOB-46:005,ordinary,MOB-46,v3_renegade_necromancer,L12,L12-C,surface,81,681,558,16.066,681,-558,0.46,false
wv3:L12-C:MOB-46:006,ordinary,MOB-46,v3_renegade_necromancer,L12,L12-C,surface,81,678,558,16.476,678,-558,0.46,false
wv3:L12-C:MOB-46:007,ordinary,MOB-46,v3_renegade_necromancer,L12,L12-C,surface,81,681,561,16.366,681,-561,0.46,false
wv3:L12-C:MOB-46:008,ordinary,MOB-46,v3_renegade_necromancer,L12,L12-C,surface,82,681,555,15.803,681,-555,0.46,false
wv3:L12-C:MOB-46:009,ordinary,MOB-46,v3_renegade_necromancer,L12,L12-C,surface,82,684,558,15.707,684,-558,0.46,false
wv3:L12-C:MOB-46:010,ordinary,MOB-46,v3_renegade_necromancer,L12,L12-C,surface,82,681,582,18.989,681,-582,0.46,false
wv3:L12-C:MOB-46:011,ordinary,MOB-46,v3_renegade_necromancer,L12,L12-C,surface,83,678,582,19.081,678,-582,0.46,false
wv3:L12-C:MOB-46:012,ordinary,MOB-46,v3_renegade_necromancer,L12,L12-C,surface,83,681,579,18.6,681,-579,0.46,false
wv3:L12-C:MOB-46:013,ordinary,MOB-46,v3_renegade_necromancer,L12,L12-C,surface,83,681,585,19.376,681,-585,0.46,false
wv3:L12-C:MOB-46:014,ordinary,MOB-46,v3_renegade_necromancer,L12,L12-C,surface,83,684,582,18.855,684,-582,0.46,false
wv3:L12-C:MOB-46:015,ordinary,MOB-46,v3_renegade_necromancer,L12,L12-C,surface,84,654,555,19.152,654,-555,0.46,false
wv3:L12-C:MOB-46:016,ordinary,MOB-46,v3_renegade_necromancer,L12,L12-C,surface,84,654,558,19.08,654,-558,0.46,false
wv3:L12-C:MOB-46:017,ordinary,MOB-46,v3_renegade_necromancer,L12,L12-C,surface,84,657,555,18.997,657,-555,0.46,false
wv3:L12-C:MOB-46:018,ordinary,MOB-46,v3_renegade_necromancer,L12,L12-C,surface,85,651,555,19.238,651,-555,0.46,false
wv3:L12-C:MOB-46:019,ordinary,MOB-46,v3_renegade_necromancer,L12,L12-C,surface,85,654,552,19.191,654,-552,0.46,false
wv3:L12-C:MOB-46:020,ordinary,MOB-46,v3_renegade_necromancer,L12,L12-C,surface,85,654,585,18.024,654,-585,0.46,false
wv3:L12-C:MOB-46:021,ordinary,MOB-46,v3_renegade_necromancer,L12,L12-C,surface,85,654,582,18.08,654,-582,0.46,false
wv3:L12-C:MOB-46:022,ordinary,MOB-46,v3_renegade_necromancer,L12,L12-C,surface,86,657,585,18.211,657,-585,0.46,false
wv3:L12-C:MOB-46:023,ordinary,MOB-46,v3_renegade_necromancer,L12,L12-C,surface,86,651,585,17.903,651,-585,0.46,false
wv3:L12-C:MOB-46:024,ordinary,MOB-46,v3_renegade_necromancer,L12,L12-C,surface,86,654,588,18,654,-588,0.46,false
wv3:L12-C:MOB-47:000,ordinary,MOB-47,v3_void_devourer,L12,L12-C,surface,84,723,537,13.164,723,-537,1.05,false
wv3:L12-C:MOB-47:001,ordinary,MOB-47,v3_void_devourer,L12,L12-C,surface,84,720,537,13.316,720,-537,1.05,false
wv3:L12-C:MOB-47:002,ordinary,MOB-47,v3_void_devourer,L12,L12-C,surface,84,723,540,13.559,723,-540,1.05,false
wv3:L12-C:MOB-47:003,ordinary,MOB-47,v3_void_devourer,L12,L12-C,surface,85,723,534,12.812,723,-534,1.05,false
wv3:L12-C:MOB-47:004,ordinary,MOB-47,v3_void_devourer,L12,L12-C,surface,85,726,537,13.055,726,-537,1.05,false
wv3:L12-C:MOB-47:005,ordinary,MOB-47,v3_void_devourer,L12,L12-C,surface,85,708,549,14.918,708,-549,1.05,false
wv3:L12-C:MOB-47:006,ordinary,MOB-47,v3_void_devourer,L12,L12-C,surface,86,711,549,14.998,711,-549,1.05,false
wv3:L12-C:MOB-47:007,ordinary,MOB-47,v3_void_devourer,L12,L12-C,surface,86,708,546,14.665,708,-546,1.05,false
wv3:L12-C:MOB-47:008,ordinary,MOB-47,v3_void_devourer,L12,L12-C,surface,86,708,552,15.186,708,-552,1.05,false
wv3:L12-C:MOB-47:009,ordinary,MOB-47,v3_void_devourer,L12,L12-C,surface,87,705,549,14.825,705,-549,1.05,false
wv3:L12-C:MOB-47:010,ordinary,MOB-47,v3_void_devourer,L12,L12-C,surface,87,708,525,13.443,708,-525,1.05,false
wv3:L12-C:MOB-47:011,ordinary,MOB-47,v3_void_devourer,L12,L12-C,surface,87,711,525,13.132,711,-525,1.05,false
wv3:L12-C:MOB-47:012,ordinary,MOB-47,v3_void_devourer,L12,L12-C,surface,88,708,528,13.561,708,-528,1.05,false
wv3:L12-C:MOB-47:013,ordinary,MOB-47,v3_void_devourer,L12,L12-C,surface,88,708,522,13.339,708,-522,1.05,false
wv3:L12-C:MOB-47:014,ordinary,MOB-47,v3_void_devourer,L12,L12-C,surface,88,705,525,13.738,705,-525,1.05,false
wv3:L12-C:MOB-47:015,ordinary,MOB-47,v3_void_devourer,L12,L12-C,surface,89,735,552,15.581,735,-552,1.05,false
wv3:L12-C:MOB-47:016,ordinary,MOB-47,v3_void_devourer,L12,L12-C,surface,89,735,549,15.03,735,-549,1.05,false
wv3:L12-C:MOB-47:017,ordinary,MOB-47,v3_void_devourer,L12,L12-C,surface,89,732,552,15.521,732,-552,1.05,false
wv3:L12-C:MOB-47:018,ordinary,MOB-47,v3_void_devourer,L12,L12-C,surface,90,738,552,15.695,738,-552,1.05,false
wv3:L12-C:MOB-47:019,ordinary,MOB-47,v3_void_devourer,L12,L12-C,surface,90,735,555,16.149,735,-555,1.05,false
wv3:L12-C:MOB-48:000,ordinary,MOB-48,v3_bone_colossus,L12,L12-C,surface,86,777,504,15.396,777,-504,1.05,false
wv3:L12-C:MOB-48:001,ordinary,MOB-48,v3_bone_colossus,L12,L12-C,surface,86,777,507,15.39,777,-507,1.05,false
wv3:L12-C:MOB-48:002,ordinary,MOB-48,v3_bone_colossus,L12,L12-C,surface,86,780,504,15.72,780,-504,1.05,false
wv3:L12-C:MOB-48:003,ordinary,MOB-48,v3_bone_colossus,L12,L12-C,surface,86,774,504,15.133,774,-504,1.05,false
wv3:L12-C:MOB-48:004,ordinary,MOB-48,v3_bone_colossus,L12,L12-C,surface,87,777,501,15.482,777,-501,1.05,false
wv3:L12-C:MOB-48:005,ordinary,MOB-48,v3_bone_colossus,L12,L12-C,surface,87,789,519,17.254,789,-519,1.05,false
wv3:L12-C:MOB-48:006,ordinary,MOB-48,v3_bone_colossus,L12,L12-C,surface,87,789,516,17.116,789,-516,1.05,false
wv3:L12-C:MOB-48:007,ordinary,MOB-48,v3_bone_colossus,L12,L12-C,surface,87,786,519,16.882,786,-519,1.05,false
wv3:L12-C:MOB-48:008,ordinary,MOB-48,v3_bone_colossus,L12,L12-C,surface,88,792,519,17.666,792,-519,1.05,false
wv3:L12-C:MOB-48:009,ordinary,MOB-48,v3_bone_colossus,L12,L12-C,surface,88,789,522,17.433,789,-522,1.05,false
wv3:L12-C:MOB-48:010,ordinary,MOB-48,v3_bone_colossus,L12,L12-C,surface,88,765,519,15.532,765,-519,1.05,false
wv3:L12-C:MOB-48:011,ordinary,MOB-48,v3_bone_colossus,L12,L12-C,surface,88,765,516,15.262,765,-516,1.05,false
wv3:L12-C:MOB-48:012,ordinary,MOB-48,v3_bone_colossus,L12,L12-C,surface,89,768,519,15.649,768,-519,1.05,false
wv3:L12-C:MOB-48:013,ordinary,MOB-48,v3_bone_colossus,L12,L12-C,surface,89,762,519,15.389,762,-519,1.05,false
wv3:L12-C:MOB-48:014,ordinary,MOB-48,v3_bone_colossus,L12,L12-C,surface,89,765,522,15.834,765,-522,1.05,false
wv3:L12-C:MOB-48:015,ordinary,MOB-48,v3_bone_colossus,L12,L12-C,surface,89,792,492,17.813,792,-492,1.05,false
wv3:L12-C:MOB-48:016,ordinary,MOB-48,v3_bone_colossus,L12,L12-C,surface,90,789,492,17.53,789,-492,1.05,false
wv3:L12-C:MOB-48:017,ordinary,MOB-48,v3_bone_colossus,L12,L12-C,surface,90,792,495,17.667,792,-495,1.05,false
wv3:L12-C:MOB-48:018,ordinary,MOB-48,v3_bone_colossus,L12,L12-C,surface,90,792,489,17.99,792,-489,1.05,false
wv3:L12-C:MOB-48:019,ordinary,MOB-48,v3_bone_colossus,L12,L12-C,surface,90,789,495,17.339,789,-495,1.05,false
